c,h,l,n,o,t,v,vw
102.13,106.57,92.06,5986,102.65,2021-11-18T06:00:00Z,39855.21,100.4883430598
119.7,119.88,100.94,6300,102.07,2021-11-19T06:00:00Z,54961.47,111.3540766395
136.47,173.0,114.57,11343,119.7,2021-11-20T06:00:00Z,108150.35,126.6046132296
134.75,152.1,92.0,18169,136.47,2021-11-21T06:00:00Z,186590.6,133.6111944991
134.15,146.75,128.51,13683,134.75,2021-11-22T06:00:00Z,119726.19,137.1624383679
122.19,134.31,119.11,11485,134.15,2021-11-23T06:00:00Z,95424.97,126.6687254552
120.02,127.28,112.5,10407,122.05,2021-11-24T06:00:00Z,141495.22,118.627479247
115.85,130.0,114.33,6848,119.69,2021-11-25T06:00:00Z,59113.3,122.8916900985
106.61,116.88,101.42,11515,115.75,2021-11-26T06:00:00Z,100340.11,107.9134775395
108.83,118.54,104.08,8099,106.88,2021-11-27T06:00:00Z,65948.96,111.2359724369
112.57,115.19,100.75,7189,108.84,2021-11-28T06:00:00Z,60511.41,108.9776486335
116.3,122.65,109.15,7490,112.69,2021-11-29T06:00:00Z,57405.83,116.4124402051
124.46,127.45,114.17,13050,115.92,2021-11-30T06:00:00Z,77387.04,122.2297938117
117.14,127.22,114.81,9392,125.0,2021-12-01T06:00:00Z,55795.71,121.2062815421
107.8,119.27,105.46,6336,116.98,2021-12-02T06:00:00Z,61461.86,111.4776643255
103.12,120.0,95.0,26310,107.99,2021-12-03T06:00:00Z,69756.08,108.7656572961
103.16,116.0,95.0,30822,102.49,2021-12-04T06:00:00Z,34670.79,104.6188758981
98.0,108.01,90.0,17077,102.82,2021-12-05T06:00:00Z,23717.32,97.5890445759
94.03,98.5,77.1,13736,98.03,2021-12-06T06:00:00Z,123040.17,89.7421580749
89.84,96.77,87.39,6364,94.03,2021-12-07T06:00:00Z,63841.13,92.3990959104
93.33,94.85,86.47,5538,89.84,2021-12-08T06:00:00Z,41577.15,91.2970016175
89.56,93.1,83.35,6893,92.87,2021-12-09T06:00:00Z,60055.17,88.2545616689
82.34,90.06,78.61,7023,89.71,2021-12-10T06:00:00Z,91580.82,83.5792055957
84.55,87.12,81.5,3860,82.23,2021-12-11T06:00:00Z,48091.72,84.4849697994
87.88,90.0,83.02,4969,84.62,2021-12-12T06:00:00Z,47745.88,87.3486484467
76.88,87.83,75.62,7513,87.62,2021-12-13T06:00:00Z,85307.19,80.2294972874
91.7,91.9,76.43,7658,77.12,2021-12-14T06:00:00Z,83513.73,84.7624235416
101.74,107.79,86.11,21998,91.75,2021-12-15T06:00:00Z,171324.03,97.9664868676
102.88,110.07,98.05,13541,101.97,2021-12-16T06:00:00Z,115232.27,104.0415518006
110.45,116.38,99.87,19962,102.98,2021-12-17T06:00:00Z,143287.8,108.943666927
113.71,117.55,109.94,7716,110.44,2021-12-18T06:00:00Z,68174.78,114.8878564493
103.6,114.29,102.9,6889,113.76,2021-12-19T06:00:00Z,72560.69,107.9728744421
117.32,119.33,101.0,14118,103.64,2021-12-20T06:00:00Z,115949.99,110.4098090168
124.54,127.4,115.93,12265,116.87,2021-12-21T06:00:00Z,91375.99,120.2038323798
120.28,125.94,115.66,8910,124.54,2021-12-22T06:00:00Z,65043.27,121.5718212907
119.73,125.05,117.3,6986,119.92,2021-12-23T06:00:00Z,54779.63,121.2507978933
114.32,124.64,112.52,8170,119.88,2021-12-24T06:00:00Z,51975.92,119.6517528348
111.39,116.91,109.43,5797,114.64,2021-12-25T06:00:00Z,48091.92,114.0906222189
116.0,118.01,110.83,5661,111.66,2021-12-26T06:00:00Z,52858.48,114.5962511673
112.99,121.0,107.89,8467,116.0,2021-12-27T06:00:00Z,57256.67,115.1395838668
108.0,116.66,104.41,9815,113.32,2021-12-28T06:00:00Z,58893.43,110.3987911198
101.64,109.1,98.01,7695,107.83,2021-12-29T06:00:00Z,59935.64,103.9416735852
103.66,105.5,100.34,4877,101.59,2021-12-30T06:00:00Z,38382.27,102.9574952784
109.58,112.05,102.43,8957,103.37,2021-12-31T06:00:00Z,68365.73,107.9086323338
116.05,117.61,108.9,5556,109.89,2022-01-01T06:00:00Z,35823.44,113.2291319762
112.13,116.58,110.69,4216,116.06,2022-01-02T06:00:00Z,25030.03,113.9790854346
105.72,113.37,105.0,6165,112.13,2022-01-03T06:00:00Z,57427.06,108.3453223759
105.54,109.29,102.51,5256,105.81,2022-01-04T06:00:00Z,74267.42,105.716979071
93.99,106.61,90.55,12387,105.54,2022-01-05T06:00:00Z,96721.13,98.5098529701
88.62,97.1,85.04,8548,93.81,2022-01-06T06:00:00Z,94868.19,92.3970120385
88.18,91.73,85.65,7930,88.6,2022-01-07T06:00:00Z,80946.24,88.2910859047
84.64,89.59,79.24,8492,88.11,2022-01-08T06:00:00Z,84605.25,83.6467953655
90.04,91.92,83.3,7234,84.75,2022-01-09T06:00:00Z,82727.1,88.4492551111
86.01,90.07,80.34,9158,89.86,2022-01-10T06:00:00Z,94888.16,84.5466338572
90.94,91.0,84.56,5212,86.07,2022-01-11T06:00:00Z,59087.83,88.3249877733
93.68,97.0,89.93,7381,90.88,2022-01-12T06:00:00Z,85337.11,94.4126489859
91.13,97.28,88.66,6730,93.7,2022-01-13T06:00:00Z,65586.91,92.8324535216
90.58,94.63,87.16,6113,91.13,2022-01-14T06:00:00Z,43240.88,90.3223775834
91.96,94.5,89.53,4087,90.52,2022-01-15T06:00:00Z,40620.66,92.2012270579
89.19,95.01,88.38,5072,91.94,2022-01-16T06:00:00Z,52515.02,92.7693771382
86.01,89.84,85.38,4458,89.21,2022-01-17T06:00:00Z,35798.05,87.4020815268
84.57,87.18,83.74,3823,86.13,2022-01-18T06:00:00Z,33123.82,85.2464928351
84.21,85.52,81.13,4210,84.75,2022-01-19T06:00:00Z,36741.14,83.5868504407
75.99,87.81,74.03,7714,84.21,2022-01-20T06:00:00Z,66562.97,81.3470779128
63.01,77.09,62.88,10286,75.98,2022-01-21T06:00:00Z,86437.09,70.0664106843
61.86,63.69,53.0,11162,63.23,2022-01-22T06:00:00Z,112013.72,59.3788238851
61.69,66.83,60.42,8162,61.75,2022-01-23T06:00:00Z,90388.65,62.9363791449
62.71,64.24,53.5,10009,61.68,2022-01-24T06:00:00Z,114147.94,59.1563345042
68.97,70.58,61.68,7973,62.72,2022-01-25T06:00:00Z,75260.91,66.9202135637
62.41,73.61,61.25,10637,68.77,2022-01-26T06:00:00Z,91668.25,67.8360231945
65.48,67.99,61.2,5970,62.39,2022-01-27T06:00:00Z,46404.77,64.6073391162
68.71,68.74,61.79,5220,65.6,2022-01-28T06:00:00Z,40613.0,65.7673266811
71.42,73.67,68.32,7814,68.72,2022-01-29T06:00:00Z,64840.78,71.1806103628
65.08,72.4,64.3,5514,71.37,2022-01-30T06:00:00Z,39619.98,68.0125638605
69.54,71.58,64.55,7129,65.1,2022-01-31T06:00:00Z,61225.7,68.87139463
73.07,74.97,68.54,8241,69.52,2022-02-01T06:00:00Z,71561.07,72.1184313985
68.5,74.51,67.25,7407,73.12,2022-02-02T06:00:00Z,54404.87,70.2213362425
69.79,70.05,65.03,5229,68.36,2022-02-03T06:00:00Z,38823.07,67.3092735943
80.02,80.7,69.57,8969,69.99,2022-02-04T06:00:00Z,74858.65,75.3484545099
77.86,80.98,75.0,5282,80.06,2022-02-05T06:00:00Z,36016.85,78.0751024007
82.47,82.7,74.24,5921,77.8,2022-02-06T06:00:00Z,40107.5,78.1388907087
91.07,93.14,81.08,11258,82.58,2022-02-07T06:00:00Z,74633.77,86.0886057089
87.33,92.61,82.86,13900,91.08,2022-02-08T06:00:00Z,93729.29,87.0374329796
89.66,92.11,87.23,6472,87.23,2022-02-09T06:00:00Z,54094.99,89.7075612917
88.17,95.15,85.11,13868,89.41,2022-02-10T06:00:00Z,92053.02,90.8328995877
81.71,91.55,79.64,9339,88.17,2022-02-11T06:00:00Z,81825.92,84.5434294023
82.74,84.8,78.8,6676,81.72,2022-02-12T06:00:00Z,49236.53,81.7722294544
77.64,83.33,76.17,4713,82.61,2022-02-13T06:00:00Z,41022.53,79.449364832
84.28,85.04,77.31,6570,77.51,2022-02-14T06:00:00Z,57375.28,81.5914648085
94.16,94.68,84.09,10298,84.23,2022-02-15T06:00:00Z,93349.41,91.3814583167
94.2,98.79,91.48,12712,94.26,2022-02-16T06:00:00Z,101255.54,95.2361769094
89.23,95.34,86.21,9004,94.23,2022-02-17T06:00:00Z,67975.7,89.5542892225
84.58,89.71,82.43,7470,89.12,2022-02-18T06:00:00Z,74442.73,84.7144474524
81.66,86.37,80.93,5731,84.71,2022-02-19T06:00:00Z,53660.09,83.6477936675
80.76,81.92,76.58,7393,81.73,2022-02-20T06:00:00Z,63222.78,79.2896266947
68.88,82.72,67.2,11728,80.68,2022-02-21T06:00:00Z,111274.86,73.7034687934
76.07,76.91,68.53,7941,68.76,2022-02-22T06:00:00Z,98370.72,72.6298981496
66.31,82.51,65.0,14343,76.18,2022-02-23T06:00:00Z,146880.03,74.9061083947
75.26,79.98,64.53,19092,66.37,2022-02-24T06:00:00Z,156276.14,72.6986122827
79.39,83.93,72.73,12856,75.49,2022-02-25T06:00:00Z,132091.0,79.3393060935
78.13,84.99,77.14,9311,79.38,2022-02-26T06:00:00Z,89216.99,81.0102562404
73.03,82.38,72.57,11038,78.11,2022-02-27T06:00:00Z,103210.22,76.2260254798
86.85,89.72,71.66,21130,73.12,2022-02-28T06:00:00Z,174277.72,82.252039329
88.05,90.89,83.61,17080,86.96,2022-03-01T06:00:00Z,110957.3,87.1012192798
82.25,88.09,81.0,12019,88.09,2022-03-02T06:00:00Z,107151.68,84.00576438
77.18,83.79,75.0,13124,82.25,2022-03-03T06:00:00Z,111535.26,79.1262758916
75.37,82.23,73.32,13547,77.21,2022-03-04T06:00:00Z,122027.29,78.1121362156
75.9,78.7,74.88,4677,75.38,2022-03-05T06:00:00Z,43794.4,76.9023941874
71.88,76.51,70.36,6111,75.82,2022-03-06T06:00:00Z,55378.83,73.3121934104
72.39,76.53,70.53,9126,71.94,2022-03-07T06:00:00Z,78636.68,73.0902434411
78.32,80.62,71.23,12689,72.13,2022-03-08T06:00:00Z,139722.04,74.6410902425
73.27,79.52,72.7,10926,78.25,2022-03-09T06:00:00Z,134110.62,77.3761133488
74.0,76.42,71.57,9188,73.22,2022-03-10T06:00:00Z,90756.39,73.6478905144
73.14,76.94,70.8,7806,73.98,2022-03-11T06:00:00Z,69526.57,73.5828398021
71.37,73.42,70.51,2598,73.2,2022-03-12T06:00:00Z,24887.88,71.6750647424
68.7,71.98,67.13,4042,71.35,2022-03-13T06:00:00Z,41777.92,69.1910266883
66.69,71.47,65.56,6976,68.73,2022-03-14T05:00:00Z,74626.59,67.7424741664
68.69,72.25,66.12,7464,66.76,2022-03-15T05:00:00Z,72449.16,69.7079908104
76.45,77.59,68.15,7762,68.77,2022-03-16T05:00:00Z,73928.71,73.0589039414
79.17,81.77,75.54,11391,76.45,2022-03-17T05:00:00Z,115111.38,79.7575789431
88.17,88.57,76.49,12807,79.18,2022-03-18T05:00:00Z,122872.65,83.6409452877
88.25,92.42,85.64,11667,88.19,2022-03-19T05:00:00Z,88839.75,89.4580407509
84.97,89.52,83.13,9496,88.32,2022-03-20T05:00:00Z,70926.86,86.2834256162
88.98,92.5,84.76,13686,84.9,2022-03-21T05:00:00Z,119938.88,88.3187798544
84.0,89.43,82.08,8659,89.04,2022-03-22T05:00:00Z,99156.19,86.052993918
84.79,87.14,83.4,7459,83.99,2022-03-23T05:00:00Z,81865.53,85.1718114486
86.86,88.27,84.52,8918,84.86,2022-03-24T05:00:00Z,86262.11,86.5647116979
84.02,87.37,82.44,7744,86.87,2022-03-25T05:00:00Z,75175.51,84.8474454686
86.26,87.0,83.69,4854,84.05,2022-03-26T05:00:00Z,38061.58,85.810761156
91.6,92.07,84.45,8477,86.22,2022-03-27T05:00:00Z,61723.06,88.2531917342
94.77,96.61,88.7,15073,91.64,2022-03-28T05:00:00Z,115680.55,93.1656820848
92.21,96.57,89.56,10603,94.85,2022-03-29T05:00:00Z,80644.1,93.206957858
97.98,101.99,91.11,19621,92.01,2022-03-30T05:00:00Z,152944.63,97.3055185318
92.75,100.8,90.41,16806,98.02,2022-03-31T05:00:00Z,129713.72,96.3105493166
98.27,99.84,91.6,10739,92.68,2022-04-01T05:00:00Z,79540.26,96.5795191567
98.24,103.75,94.48,15453,97.94,2022-04-02T05:00:00Z,96882.24,99.1503002439
96.6,100.22,95.9,8636,98.19,2022-04-03T05:00:00Z,57314.48,97.8269311141
97.01,97.61,90.77,7506,96.63,2022-04-04T05:00:00Z,59467.01,94.6320356699
90.53,97.68,86.35,8575,96.95,2022-04-05T05:00:00Z,63921.5,92.1654021839
83.92,91.04,81.43,10925,90.59,2022-04-06T05:00:00Z,66468.77,85.5579527664
88.96,89.26,81.56,9198,84.03,2022-04-07T05:00:00Z,71554.98,86.3433370661
83.3,90.53,82.73,10147,88.96,2022-04-08T05:00:00Z,73976.52,86.743258465
84.09,84.84,82.1,3599,83.37,2022-04-09T05:00:00Z,25465.33,83.7387773455
79.66,85.68,78.15,5583,84.14,2022-04-10T05:00:00Z,47190.4,81.9737585632
76.27,80.3,72.75,8422,79.67,2022-04-11T05:00:00Z,59770.79,75.6961677033
77.43,79.49,74.22,6352,76.4,2022-04-12T05:00:00Z,58691.37,76.7577151428
81.48,81.86,75.85,5256,77.44,2022-04-13T05:00:00Z,41765.33,79.4742971335
77.81,81.73,73.01,7891,81.48,2022-04-14T05:00:00Z,72666.4,78.3941730552
77.01,78.48,74.78,4149,77.79,2022-04-15T05:00:00Z,35739.2,76.8380652253
77.3,78.24,76.69,3180,77.04,2022-04-16T05:00:00Z,34151.08,77.5351259287
72.33,78.68,72.14,4582,77.24,2022-04-17T05:00:00Z,39391.43,75.043926646
77.53,78.43,71.84,6547,72.27,2022-04-18T05:00:00Z,79632.07,75.2527620631
79.51,81.08,77.1,4673,77.54,2022-04-19T05:00:00Z,43720.02,79.2154889636
78.94,81.3,77.41,4346,79.52,2022-04-20T05:00:00Z,43666.56,79.1711907006
76.48,80.18,74.19,4918,78.89,2022-04-21T05:00:00Z,48371.54,76.890907699
74.02,77.18,73.05,4101,76.5,2022-04-22T05:00:00Z,41312.64,74.8682039226
73.18,74.4,72.45,2243,73.96,2022-04-23T05:00:00Z,25730.77,73.5941918178
70.37,73.3,69.6,4420,73.18,2022-04-24T05:00:00Z,62449.74,71.1175987074
72.22,73.17,67.38,5602,70.37,2022-04-25T05:00:00Z,60428.46,70.3586466443
69.07,72.79,67.55,5143,72.22,2022-04-26T05:00:00Z,52780.79,69.8262102632
69.67,71.96,68.58,3621,69.07,2022-04-27T05:00:00Z,29826.84,69.9559155345
66.85,70.78,66.19,4300,69.72,2022-04-28T05:00:00Z,33560.49,68.287270612
64.13,67.96,62.22,4009,66.87,2022-04-29T05:00:00Z,33170.45,64.6462878285
58.18,64.47,55.06,6749,64.14,2022-04-30T05:00:00Z,66827.38,58.8236001531
59.93,61.12,56.91,5405,58.26,2022-05-01T05:00:00Z,50905.97,59.0164950339
61.93,62.55,56.76,6905,59.99,2022-05-02T05:00:00Z,69614.28,60.1171042637
59.86,62.0,58.12,3729,61.93,2022-05-03T05:00:00Z,38056.78,60.2631016392
68.04,69.46,59.32,8882,59.85,2022-05-04T05:00:00Z,89265.88,64.4816611588
58.1,68.54,56.64,10174,68.13,2022-05-05T05:00:00Z,99086.69,60.4864690444
55.18,59.11,52.0,7705,58.17,2022-05-06T05:00:00Z,104032.81,56.8305987255
53.47,57.49,52.38,5547,55.33,2022-05-07T05:00:00Z,62684.99,55.6522316682
51.04,54.77,49.98,6958,53.44,2022-05-08T05:00:00Z,81478.11,52.3077756615
44.63,54.34,40.0,20491,51.09,2022-05-09T05:00:00Z,214840.95,45.1194075734
41.07,50.33,40.92,33577,44.59,2022-05-10T05:00:00Z,395761.26,46.3821144025
27.72,43.31,26.1,68319,41.07,2022-05-11T05:00:00Z,969506.28,33.6382627852
34.43,34.75,22.37,34475,27.78,2022-05-12T05:00:00Z,545196.15,29.2521850196
31.49,38.03,31.19,11902,34.39,2022-05-13T05:00:00Z,192434.45,34.7432155246
32.23,34.36,29.24,5332,31.41,2022-05-14T05:00:00Z,84048.38,32.0796072405
34.05,37.0,31.94,7529,32.23,2022-05-15T05:00:00Z,97587.74,34.8434382372
34.48,34.67,31.42,9525,34.04,2022-05-16T05:00:00Z,137771.71,33.0330881231
33.36,35.76,32.16,8579,34.45,2022-05-17T05:00:00Z,131125.83,33.9353696621
29.39,33.96,28.47,7130,33.42,2022-05-18T05:00:00Z,110705.23,30.9075415055
29.92,31.85,27.46,10215,29.46,2022-05-19T05:00:00Z,169710.93,29.9708068561
29.12,31.88,27.81,10480,29.81,2022-05-20T05:00:00Z,172813.18,29.4652862235
29.44,30.56,28.57,5180,29.17,2022-05-21T05:00:00Z,75167.02,29.594879966
31.04,32.65,28.99,9064,29.37,2022-05-22T05:00:00Z,135859.2,31.1694836154
29.27,33.0,28.43,10522,31.08,2022-05-23T05:00:00Z,185524.06,30.979823611
29.06,29.62,26.87,8319,29.27,2022-05-24T05:00:00Z,155191.64,28.4379491221
27.22,29.11,27.07,6409,29.02,2022-05-25T05:00:00Z,104865.09,27.8592908021
22.15,27.38,21.9,17428,27.23,2022-05-26T05:00:00Z,421145.15,23.6576765329
23.01,23.83,21.36,11479,22.13,2022-05-27T05:00:00Z,245893.85,22.5427095737
24.0,25.7,22.3,8671,23.02,2022-05-28T05:00:00Z,232122.59,24.1449639589
26.81,27.65,23.9,9440,23.98,2022-05-29T05:00:00Z,219204.47,26.2028060317
27.35,29.09,26.17,14468,26.83,2022-05-30T05:00:00Z,347894.59,27.4630489321
25.77,27.95,25.28,8258,27.38,2022-05-31T05:00:00Z,204989.43,26.6058906852
23.19,26.75,22.65,9940,25.83,2022-06-01T05:00:00Z,225037.78,24.5837586222
23.78,24.88,22.94,5902,23.2,2022-06-02T05:00:00Z,131934.3,24.0831729952
22.95,24.24,22.12,4801,23.79,2022-06-03T05:00:00Z,111505.16,23.0147386049
24.04,24.66,22.68,2410,22.93,2022-06-04T05:00:00Z,66709.63,23.8215893238
26.44,26.61,23.92,4452,24.05,2022-06-05T05:00:00Z,114319.6,25.0386252524
23.87,27.74,23.15,8003,26.45,2022-06-06T05:00:00Z,191356.07,25.6989409079
24.14,25.89,23.39,5645,23.84,2022-06-07T05:00:00Z,137926.49,24.5585041271
23.98,25.03,23.72,2234,24.13,2022-06-08T05:00:00Z,32124.48,24.2890549948
24.55,25.34,23.79,2995,24.0,2022-06-09T05:00:00Z,60677.87,24.6476411466
22.65,24.71,21.93,3319,24.58,2022-06-10T05:00:00Z,65097.54,23.0008806047
18.27,22.99,18.2,5169,22.65,2022-06-11T05:00:00Z,95917.93,20.3403731315
16.38,19.32,15.64,6418,18.29,2022-06-12T05:00:00Z,161660.06,17.3062634092
16.03,17.06,14.57,10893,16.41,2022-06-13T05:00:00Z,290192.69,15.7497865249
15.5,17.25,15.2,6593,16.0,2022-06-14T05:00:00Z,149020.15,16.3288691207
17.69,18.71,14.53,10452,15.5,2022-06-15T05:00:00Z,283157.66,16.6170990278
16.09,17.93,15.48,4134,17.69,2022-06-16T05:00:00Z,113086.48,16.2743050487
15.86,16.69,15.63,3098,16.1,2022-06-17T05:00:00Z,105044.66,16.0957309891
14.15,15.94,13.77,5868,15.91,2022-06-18T05:00:00Z,184962.97,14.6112420973
15.44,16.34,13.73,4802,14.18,2022-06-19T05:00:00Z,176589.21,15.2229373828
17.12,17.82,15.32,3929,15.43,2022-06-20T05:00:00Z,145831.13,16.8900478691
16.33,18.46,16.07,4040,17.14,2022-06-21T05:00:00Z,130789.17,17.3756690229
17.08,17.38,15.96,4195,16.35,2022-06-22T05:00:00Z,163026.35,16.6095612697
19.43,20.0,16.91,6331,17.11,2022-06-23T05:00:00Z,232002.39,18.2976408497
21.0,21.65,18.79,6163,19.44,2022-06-24T05:00:00Z,176221.75,20.0013941463
21.03,22.04,19.84,4668,20.99,2022-06-25T05:00:00Z,114154.71,20.8879461215
20.32,21.7,19.6,4265,21.0,2022-06-26T05:00:00Z,87411.79,20.6332241532
19.25,21.35,18.71,4938,20.32,2022-06-27T05:00:00Z,107478.49,19.9158551548
18.41,20.5,17.99,4655,19.27,2022-06-28T05:00:00Z,112520.09,19.267343709
17.19,18.61,17.02,4081,18.42,2022-06-29T05:00:00Z,107196.37,17.7730972317
16.2,17.65,15.75,5420,17.23,2022-06-30T05:00:00Z,164396.16,16.5326060876
16.12,16.64,15.78,3354,16.19,2022-07-01T05:00:00Z,111243.82,16.1486341138
16.39,16.58,15.96,1544,16.18,2022-07-02T05:00:00Z,47242.71,16.3055118049
16.41,16.88,15.8,1646,16.42,2022-07-03T05:00:00Z,48551.4,16.3572661592
17.93,18.14,16.37,3682,16.41,2022-07-04T05:00:00Z,119626.76,17.3330514853
18.32,18.64,16.65,4275,17.9,2022-07-05T05:00:00Z,110816.64,17.654657639
19.18,19.6,18.12,4936,18.35,2022-07-06T05:00:00Z,133018.82,18.8245851519
20.44,21.13,18.84,5351,19.17,2022-07-07T05:00:00Z,137692.07,20.0436138407
19.83,20.53,19.41,4310,20.45,2022-07-08T05:00:00Z,99332.59,19.9074978655
19.48,20.26,19.28,2009,19.84,2022-07-09T05:00:00Z,47103.99,19.8645847284
18.56,19.71,18.42,2016,19.48,2022-07-10T05:00:00Z,37460.01,19.0447894008
17.61,18.74,17.23,2644,18.54,2022-07-11T05:00:00Z,59016.34,18.0245604353
17.02,18.06,16.68,2884,17.62,2022-07-12T05:00:00Z,70848.21,17.3315071573
18.68,19.02,16.35,6186,17.03,2022-07-13T05:00:00Z,157472.89,17.8300795178
19.78,20.26,17.78,5110,18.68,2022-07-14T05:00:00Z,105163.02,19.2276699053
19.26,20.2,19.07,3837,19.78,2022-07-15T05:00:00Z,66035.97,19.6137634701
21.24,21.62,18.71,5226,19.23,2022-07-16T05:00:00Z,100340.26,20.6163235375
22.22,22.22,20.56,3698,21.21,2022-07-17T05:00:00Z,77867.31,21.4566328425
23.38,24.76,22.21,10869,22.21,2022-07-18T05:00:00Z,223912.27,23.4298521506
25.35,26.29,23.09,9363,23.38,2022-07-19T05:00:00Z,181252.87,24.9155457257
23.21,26.38,22.64,8375,25.33,2022-07-20T05:00:00Z,185926.24,24.7188576228
24.86,25.47,23.0,6436,23.17,2022-07-21T05:00:00Z,113375.65,24.5516616125
24.39,25.56,23.32,4693,24.84,2022-07-22T05:00:00Z,85488.91,24.5497639366
23.61,24.66,22.84,2972,24.42,2022-07-23T05:00:00Z,50954.18,23.6319836763
22.28,24.48,21.84,3264,23.58,2022-07-24T05:00:00Z,64254.52,23.3187990868
20.74,22.45,20.3,3942,22.28,2022-07-25T05:00:00Z,84709.18,21.5460542777
20.52,20.91,19.55,3057,20.75,2022-07-26T05:00:00Z,51348.62,20.2640913544
22.74,23.62,20.52,6013,20.52,2022-07-27T05:00:00Z,111630.24,22.3105624936
24.95,25.12,22.4,6700,22.77,2022-07-28T05:00:00Z,118802.98,23.8710139098
24.14,25.38,23.47,5597,24.93,2022-07-29T05:00:00Z,97711.03,24.5019006247
24.75,25.82,24.0,4908,24.14,2022-07-30T05:00:00Z,85310.82,24.8697262446
24.2,25.26,23.56,3242,24.74,2022-07-31T05:00:00Z,55536.54,24.4125458014
22.47,24.24,22.27,4370,24.24,2022-08-01T05:00:00Z,69302.51,23.3579373056
23.13,23.99,22.27,3263,22.49,2022-08-02T05:00:00Z,50732.92,23.0036574674
23.76,24.2,22.96,2412,23.11,2022-08-03T05:00:00Z,46155.09,23.7064066953
23.92,24.11,22.91,2079,23.8,2022-08-04T05:00:00Z,40576.33,23.4665511691
25.17,25.43,23.76,2757,23.92,2022-08-05T05:00:00Z,59005.07,24.5840988088
26.28,26.92,24.9,4629,25.16,2022-08-06T05:00:00Z,105935.25,26.2336317751
28.15,28.45,25.84,4211,26.18,2022-08-07T05:00:00Z,129305.39,27.8182243385
28.54,30.84,27.64,6521,28.16,2022-08-08T05:00:00Z,119774.26,28.8163308085
27.73,28.78,26.63,5498,28.54,2022-08-09T05:00:00Z,110317.03,27.6476321398
29.6,30.19,27.19,6364,27.75,2022-08-10T05:00:00Z,131305.98,29.0246694713
28.86,30.11,28.1,5632,29.58,2022-08-11T05:00:00Z,75983.92,29.2342841814
29.81,30.35,28.21,4714,28.86,2022-08-12T05:00:00Z,64841.68,29.4536557211
29.38,30.18,28.73,2999,29.82,2022-08-13T05:00:00Z,46854.07,29.397586246
28.92,29.88,27.9,3217,29.41,2022-08-14T05:00:00Z,48931.8,28.7229974434
27.64,29.08,27.1,3968,28.96,2022-08-15T05:00:00Z,51155.19,27.8490920999
27.68,28.39,26.95,3496,27.62,2022-08-16T05:00:00Z,52266.98,27.526920153
25.74,28.2,25.28,3755,27.72,2022-08-17T05:00:00Z,54094.18,26.408328005
23.21,26.29,23.05,5383,25.78,2022-08-18T05:00:00Z,88464.26,24.3525825729
23.01,23.34,21.36,7497,23.2,2022-08-19T05:00:00Z,160808.71,22.5519756461
22.4,23.07,21.64,3067,23.0,2022-08-20T05:00:00Z,49008.38,22.4321529216
22.73,23.53,22.16,2900,22.37,2022-08-21T05:00:00Z,53412.57,22.9349046283
22.71,22.89,21.64,2647,22.76,2022-08-22T05:00:00Z,35311.69,22.3145746267
23.19,23.71,21.85,3354,22.71,2022-08-23T05:00:00Z,84804.98,22.9777694588
23.19,23.64,22.87,2190,23.21,2022-08-24T05:00:00Z,40502.34,23.2159020713
22.96,23.65,22.68,1784,23.2,2022-08-25T05:00:00Z,42392.02,23.0801861011
20.33,23.25,20.28,6353,22.95,2022-08-26T05:00:00Z,135224.63,21.7722566843
19.82,20.8,19.64,2755,20.33,2022-08-27T05:00:00Z,51145.13,20.2291271231
17.98,20.46,17.86,4767,19.82,2022-08-28T05:00:00Z,83338.48,18.8830697212
20.22,20.29,17.5,5534,17.98,2022-08-29T05:00:00Z,123591.48,18.8269614038
19.7,20.62,18.89,3714,20.25,2022-08-30T05:00:00Z,73271.03,19.7693638277
19.24,20.04,18.84,2324,19.69,2022-08-31T05:00:00Z,41615.49,19.4332956262
19.31,19.6,18.34,2151,19.17,2022-09-01T05:00:00Z,42987.28,18.9697396835
18.86,19.66,18.62,1903,19.3,2022-09-02T05:00:00Z,62641.97,19.103494847
18.89,19.11,18.59,896,18.9,2022-09-03T05:00:00Z,23016.0,18.8696943257
19.04,19.14,18.75,1278,18.9,2022-09-04T05:00:00Z,29367.75,18.976356963
19.87,20.49,18.46,2803,19.05,2022-09-05T05:00:00Z,74769.08,19.619403799
18.32,20.3,17.86,3707,19.88,2022-09-06T05:00:00Z,83344.13,19.0940182998
19.04,19.31,18.14,2177,18.31,2022-09-07T05:00:00Z,51503.64,18.7046252692
20.05,20.19,18.41,2549,19.02,2022-09-08T05:00:00Z,55359.47,19.1478315761
20.67,21.16,19.94,3180,20.05,2022-09-09T05:00:00Z,85431.71,20.3828511369
20.37,20.88,20.05,2122,20.69,2022-09-10T05:00:00Z,56382.51,20.4349920871
20.32,21.0,19.95,3099,20.37,2022-09-11T05:00:00Z,80172.98,20.4747261247
21.29,21.92,20.24,5327,20.34,2022-09-12T05:00:00Z,151378.26,21.2781595818
19.31,21.8,18.73,6220,21.3,2022-09-13T05:00:00Z,135300.82,20.3384518845
18.68,19.32,18.46,2507,19.28,2022-09-14T05:00:00Z,52122.07,18.9806763008
18.25,19.37,17.89,3724,18.69,2022-09-15T05:00:00Z,65712.55,18.5692234223
18.31,18.51,17.56,2401,18.24,2022-09-16T05:00:00Z,64990.07,18.0355191232
18.44,18.77,18.08,4122,18.31,2022-09-17T05:00:00Z,116841.3,18.4734286104
16.89,18.59,16.29,4360,18.44,2022-09-18T05:00:00Z,123720.44,17.264173797
17.11,17.38,16.5,2606,16.9,2022-09-19T05:00:00Z,82780.7,16.9761194216
16.86,17.4,16.59,1980,17.13,2022-09-20T05:00:00Z,52948.95,16.8738966571
16.78,17.93,16.19,4567,16.89,2022-09-21T05:00:00Z,124564.13,17.0096471641
17.98,18.09,16.72,1997,16.78,2022-09-22T05:00:00Z,61708.26,17.5113391238
18.12,18.24,17.16,2083,18.06,2022-09-23T05:00:00Z,44342.05,17.6816995831
17.86,18.18,17.56,1061,18.13,2022-09-24T05:00:00Z,38983.74,17.8374123981
17.2,17.87,17.13,1883,17.86,2022-09-25T05:00:00Z,43428.1,17.5077023379
17.95,18.18,16.98,2405,17.19,2022-09-26T05:00:00Z,89139.01,17.5944389017
17.0,18.49,16.77,3125,17.95,2022-09-27T05:00:00Z,103514.22,17.6655601443
17.3,17.45,16.75,1420,17.0,2022-09-28T05:00:00Z,36233.14,17.1750665275
17.33,17.43,16.89,1251,17.28,2022-09-29T05:00:00Z,31055.27,17.1887153227
17.28,17.73,17.03,1931,17.33,2022-09-30T05:00:00Z,79203.07,17.3507439952
17.16,17.3,16.89,840,17.27,2022-10-01T05:00:00Z,28851.23,17.096386265
16.52,17.1,16.34,1571,17.1,2022-10-02T05:00:00Z,76131.81,16.6965989841
17.14,17.31,16.46,1633,16.5,2022-10-03T05:00:00Z,49729.03,16.9556682264
17.26,17.55,17.14,1237,17.15,2022-10-04T05:00:00Z,43617.04,17.3690431744
17.55,17.66,16.94,2621,17.27,2022-10-05T05:00:00Z,53682.21,17.2841813592
17.07,17.55,16.99,837,17.55,2022-10-06T05:00:00Z,36082.81,17.2430953299
16.84,17.15,16.72,1138,17.05,2022-10-07T05:00:00Z,35687.99,16.9045926935
16.75,16.99,16.64,543,16.84,2022-10-08T05:00:00Z,22078.43,16.8413068411
17.02,17.23,16.77,757,16.77,2022-10-09T05:00:00Z,22437.89,16.9621777716
15.92,17.01,15.59,1891,17.01,2022-10-10T05:00:00Z,70386.48,16.3060846018
15.98,16.31,15.85,1904,15.91,2022-10-11T05:00:00Z,32492.99,16.0274942226
15.57,16.16,15.35,1191,15.98,2022-10-12T05:00:00Z,42676.3,15.841989172
16.21,16.36,14.46,3344,15.57,2022-10-13T05:00:00Z,100689.46,15.1767229807
15.71,16.39,15.53,1542,16.27,2022-10-14T05:00:00Z,44641.25,15.9178054557
15.52,15.77,15.37,746,15.71,2022-10-15T05:00:00Z,21067.67,15.6068296779
15.82,15.88,15.52,838,15.53,2022-10-16T05:00:00Z,30720.82,15.6837394249
16.24,16.35,15.77,1483,15.83,2022-10-17T05:00:00Z,49801.35,16.072123581
15.63,16.34,15.58,1484,16.27,2022-10-18T05:00:00Z,48245.93,15.8764399899
15.33,15.75,14.87,2083,15.63,2022-10-19T05:00:00Z,76403.14,15.3003118746
15.0,15.46,14.76,2143,15.35,2022-10-20T05:00:00Z,90785.25,15.1704927133
15.58,15.89,14.58,1661,15.03,2022-10-21T05:00:00Z,48386.59,15.228851748
15.71,15.92,15.53,1138,15.58,2022-10-22T05:00:00Z,36178.35,15.7285823925
16.12,16.48,15.6,1497,15.71,2022-10-23T05:00:00Z,42570.28,16.0430236259
15.81,16.13,15.61,1286,16.12,2022-10-24T05:00:00Z,38780.08,15.8473895
16.99,17.08,15.6,2530,15.82,2022-10-25T05:00:00Z,78330.9,16.578523769
17.28,17.33,16.85,2505,16.99,2022-10-26T05:00:00Z,69783.57,17.1027733376
17.06,17.5,16.73,2770,17.25,2022-10-27T05:00:00Z,96800.45,17.1798173552
18.55,18.79,16.95,3126,17.04,2022-10-28T05:00:00Z,93167.25,17.8355594976
18.45,18.89,18.17,1843,18.57,2022-10-29T05:00:00Z,53003.54,18.4998737424
18.72,18.93,17.93,2639,18.45,2022-10-30T05:00:00Z,83421.33,18.4605863488
19.05,19.8,18.46,3313,18.7,2022-10-31T05:00:00Z,88911.61,19.19486002
18.32,19.51,18.23,1576,19.05,2022-11-01T05:00:00Z,41328.2,18.8911807531
18.62,18.85,17.43,3523,18.31,2022-11-02T05:00:00Z,110264.1,18.128779533
18.57,18.86,17.89,1776,18.63,2022-11-03T05:00:00Z,51095.87,18.4090909539
19.48,19.85,18.52,3128,18.59,2022-11-04T05:00:00Z,85082.51,19.2093914049
19.51,20.58,19.15,3709,19.47,2022-11-05T05:00:00Z,125065.52,19.7824053312
18.51,19.61,18.19,2098,19.53,2022-11-06T05:00:00Z,57835.87,18.9083709919
16.36,18.86,16.16,5493,18.52,2022-11-07T06:00:00Z,184505.86,17.5524971191
15.39,17.93,14.9,14745,16.33,2022-11-08T06:00:00Z,416413.82,16.1042859822
14.09,15.87,12.0,15336,15.4,2022-11-09T06:00:00Z,413842.61,13.8031086659
15.02,15.92,13.78,32286,14.11,2022-11-10T06:00:00Z,712862.9,14.5472037698
13.0,15.09,12.88,2271,15.02,2022-11-11T06:00:00Z,65476.4,14.0099250661
13.24,13.53,12.96,1006,12.96,2022-11-12T06:00:00Z,27779.3,13.2617432945
12.17,13.32,12.05,1829,13.2,2022-11-13T06:00:00Z,52248.51,12.7265561621
13.07,13.61,12.12,1991,12.17,2022-11-14T06:00:00Z,61092.47,13.0969108615
13.57,13.99,13.06,1430,13.08,2022-11-15T06:00:00Z,59181.72,13.5500875726
13.23,13.62,12.82,1768,13.58,2022-11-16T06:00:00Z,47669.5,13.1148040445
13.21,13.28,12.65,1058,13.23,2022-11-17T06:00:00Z,39500.43,12.9964164112
12.6,13.22,12.49,852,13.21,2022-11-18T06:00:00Z,33332.04,12.9082798743
13.01,13.12,12.56,555,12.6,2022-11-19T06:00:00Z,21175.83,12.8309356469
12.01,13.04,11.71,1457,13.01,2022-11-20T06:00:00Z,66280.63,12.2845040353
11.74,12.09,11.55,1592,12.05,2022-11-21T06:00:00Z,45526.88,11.8652012921
12.64,12.81,11.43,1960,11.74,2022-11-22T06:00:00Z,66280.09,12.1881506754
13.17,13.38,12.42,1268,12.67,2022-11-23T06:00:00Z,46020.28,12.9103376446
12.59,13.23,12.52,1027,13.17,2022-11-24T06:00:00Z,40944.94,12.8576962965
13.0,13.23,12.57,972,12.57,2022-11-25T06:00:00Z,29658.17,12.9281473739
12.92,13.16,12.63,644,12.98,2022-11-26T06:00:00Z,29068.09,12.9322352724
12.17,13.24,11.99,1324,12.93,2022-11-27T06:00:00Z,60462.54,12.7371966279
12.46,12.61,12.11,1180,12.2,2022-11-28T06:00:00Z,44013.44,12.3594022258
12.81,13.1,12.35,1046,12.47,2022-11-29T06:00:00Z,34499.71,12.7319085349
13.07,13.32,12.54,1412,12.79,2022-11-30T06:00:00Z,52857.0,12.9253151219
12.99,13.15,12.79,1189,13.08,2022-12-01T06:00:00Z,53657.44,12.9806322087
13.48,13.74,12.91,1820,13.01,2022-12-02T06:00:00Z,64898.04,13.3457503108
13.63,13.9,13.3,1599,13.48,2022-12-03T06:00:00Z,76695.1,13.583472154
14.3,14.32,13.58,1290,13.66,2022-12-04T06:00:00Z,66150.58,13.839488455
13.52,14.35,13.42,1176,14.28,2022-12-05T06:00:00Z,63852.24,13.8173766512
13.51,13.69,13.45,863,13.51,2022-12-06T06:00:00Z,51746.94,13.568934766
13.22,13.51,13.0,1490,13.51,2022-12-07T06:00:00Z,60511.35,13.1940270776
13.45,13.52,13.06,960,13.21,2022-12-08T06:00:00Z,51737.67,13.3335682569
13.39,13.62,13.35,802,13.45,2022-12-09T06:00:00Z,43680.35,13.4653285173
13.44,13.59,13.35,599,13.4,2022-12-10T06:00:00Z,28857.32,13.4892183127
12.77,13.5,12.52,1168,13.45,2022-12-11T06:00:00Z,67317.9,13.0091099811
12.89,13.06,12.69,867,12.77,2022-12-12T06:00:00Z,37632.25,12.8341037594
13.7,14.36,12.56,3285,12.87,2022-12-13T06:00:00Z,129704.79,13.5971418588
13.67,14.18,13.49,2009,13.7,2022-12-14T06:00:00Z,75182.63,13.8009239701
13.22,13.72,13.08,893,13.67,2022-12-15T06:00:00Z,40071.85,13.3165492384
11.77,13.28,11.54,2237,13.18,2022-12-16T06:00:00Z,83152.08,12.3973756074
11.93,12.01,11.73,632,11.76,2022-12-17T06:00:00Z,23647.47,11.8760136454
11.81,12.09,11.69,1098,11.92,2022-12-18T06:00:00Z,24420.94,11.9017033824
11.94,12.07,11.14,1342,11.82,2022-12-19T06:00:00Z,48124.66,11.655123845
11.8,12.04,11.68,592,11.93,2022-12-20T06:00:00Z,21428.35,11.9070822952
11.71,11.9,11.63,790,11.81,2022-12-21T06:00:00Z,20317.322073303,11.7611252312
11.81,11.88,11.46,786,11.69,2022-12-22T06:00:00Z,30387.785841481,11.6875140879
11.75,11.85,11.67,832,11.82,2022-12-23T06:00:00Z,41139.423715112,11.7848672696
11.63,11.74,11.62,378,11.74,2022-12-24T06:00:00Z,13263.050340201,11.689357848
11.7,11.77,11.51,634,11.63,2022-12-25T06:00:00Z,31285.837839245,11.6157745658
11.69,11.76,11.57,845,11.69,2022-12-26T06:00:00Z,18421.79,11.6631049887
11.2,11.7904883,11.11,937,11.69,2022-12-27T06:00:00Z,35366.352499999,11.5501318553
11.18,11.47,10.99,858,11.19,2022-12-28T06:00:00Z,44615.87508311,11.260816023
10.84,11.21,10.62,1114,11.17,2022-12-29T06:00:00Z,46609.319344146,10.967135862
10.87,10.94,10.58,903,10.88,2022-12-30T06:00:00Z,49105.936061481,10.8062504549
10.73,11.07,10.68,850,10.88,2022-12-31T06:00:00Z,38065.781559764,10.9117330903
10.86,10.94,10.64,780,10.73,2023-01-01T06:00:00Z,40325.09,10.7972453949
11.33,11.33,10.86,1447,10.87,2023-01-02T06:00:00Z,78631.203941967,11.1239769367
11.81,11.85,11.17,1371,11.33,2023-01-03T06:00:00Z,53955.673500277,11.4355555096
12.07,12.28,11.7,1767,11.82,2023-01-04T06:00:00Z,58167.359856655,11.9802638894
11.59,12.11,11.56,1355,12.08,2023-01-05T06:00:00Z,44333.398220291,11.7877288032
11.76,11.85,11.35,1255,11.59,2023-01-06T06:00:00Z,60175.22820114,11.6123054239
11.7,11.85,11.58,685,11.78,2023-01-07T06:00:00Z,26164.53759937,11.7244273268
12.45,12.6,11.69,1929,11.7,2023-01-08T06:00:00Z,79470.717574878,12.1192702489
12.35,12.64,12.02,2369,12.48,2023-01-09T06:00:00Z,74516.534872847,12.3871188555
12.45,12.94,12.29,3180,12.38,2023-01-10T06:00:00Z,99820.786844584,12.6562552034
15.65,16.5,12.26,15779,12.44,2023-01-11T06:00:00Z,493963.536116253,14.7527843244
15.22,15.79,14.68,8252,15.66,2023-01-12T06:00:00Z,295161.231530408,15.2588986339
17.32009017,17.37,15.23,9723,15.23,2023-01-13T06:00:00Z,307323.322565055,16.1968500592
16.52,18.53,15.85,11334,17.35,2023-01-14T06:00:00Z,377881.891276329,16.9308801048
17.14,17.32,16.01,4760,16.53,2023-01-15T06:00:00Z,147555.4351326,16.6795113493
16.94,17.43,16.06,5914,17.15,2023-01-16T06:00:00Z,170804.356836422,16.7227292709
17.31,18.19,16.68,5476,16.94,2023-01-17T06:00:00Z,166415.849713754,17.3619847513
16.0,17.31,15.56,6317,17.31,2023-01-18T06:00:00Z,169123.80371475,16.2794471988
15.92,16.28,15.71,2452,16.0,2023-01-19T06:00:00Z,73434.156988863,16.0576230847
17.23,17.59,15.86,5092,15.92,2023-01-20T06:00:00Z,144068.846054685,17.0621491036
17.05,17.73,16.82,6005,17.2,2023-01-21T06:00:00Z,176735.665042238,17.2507987796
17.78,18.44,17.03,7214,17.05,2023-01-22T06:00:00Z,190550.574593458,17.7060552444
18.56,18.97,17.27,7226,17.8,2023-01-23T06:00:00Z,222579.720522546,18.0718531977
17.05,18.62,16.54,4095,18.59,2023-01-24T06:00:00Z,108099.419209427,17.4162023198
18.41,18.4619,17.03,3444,17.08,2023-01-25T06:00:00Z,80485.222514405,17.6690507612
18.03,18.77,17.49,4179,18.42,2023-01-26T06:00:00Z,120066.864358605,18.0807631415
20.66,21.82,17.7,9696,18.04,2023-01-27T06:00:00Z,233261.778200499,20.170675253
20.66,21.1,20.07,4666,20.7,2023-01-28T06:00:00Z,96119.318354785,20.5535086796
20.7,21.16,20.34,4427,20.67,2023-01-29T06:00:00Z,110133.699857109,20.7478885044
19.51,21.31,19.28,9034,20.7,2023-01-30T06:00:00Z,225633.280974913,20.3200436241
19.55,20.17,19.31,3503,19.51,2023-01-31T06:00:00Z,86408.607061205,19.7885402028
22.04,22.43,18.73,10182,19.54,2023-02-01T06:00:00Z,287237.544550373,20.5192301097
21.32,22.8,20.86,7992,22.04,2023-02-02T06:00:00Z,190330.940519347,21.9222249711
21.08,21.93,20.73,4126,21.29,2023-02-03T06:00:00Z,93041.69627819,21.29183149
21.06,21.67,20.78,2159,21.09,2023-02-04T06:00:00Z,56923.854524369,21.1967962835
19.98,21.09,19.74,2837,21.08,2023-02-05T06:00:00Z,70212.052211293,20.1886029778
20.05,20.9475,19.44,2435,20.9475,2023-02-06T06:00:00Z,39796.476262224,19.9245700513
20.64,21.02,19.71,2818,20.06,2023-02-07T06:00:00Z,68572.829917365,20.4612654045
19.52,20.8,19.11,2946,20.63,2023-02-08T06:00:00Z,79589.897595367,19.9421845726
17.73,20.8005,17.52,4146,19.51,2023-02-09T06:00:00Z,117332.833945699,18.5665357198
17.76,18.24,17.61,1996,17.75,2023-02-10T06:00:00Z,63317.575135778,17.9267791237
17.9,18.12,17.69,1138,17.74,2023-02-11T06:00:00Z,33962.381213162,17.903668949
17.57,18.51,17.17,2327,17.92,2023-02-12T06:00:00Z,72940.862624699,17.9557240779
17.43,17.8,16.86,2566,17.6,2023-02-13T06:00:00Z,55285.383186841,17.3349823016
18.03,18.29,17.3,2534,17.44,2023-02-14T06:00:00Z,57503.185265078,17.8768175605
19.98,20.42,17.92,3434,18.05,2023-02-15T06:00:00Z,63050.713717002,19.3731253846
18.91,20.29,18.47,3222,19.98,2023-02-16T06:00:00Z,74506.590610799,19.4547921008
19.8,20.12,18.88,3444,18.94,2023-02-17T06:00:00Z,90969.871294954,19.5157493944
19.69,19.84,19.35,1184,19.75,2023-02-18T06:00:00Z,31740.601155871,19.6000734873
20.23,20.47,19.04,3568,19.74,2023-02-19T06:00:00Z,69710.240525952,19.8866466961
20.6,21.37,20.18,3488,20.25,2023-02-20T06:00:00Z,82584.766349895,20.8269804866
20.94,21.65,19.9,5424,20.63,2023-02-21T06:00:00Z,126825.676724278,20.8660875291
20.53,21.19,19.58,4769,20.95,2023-02-22T06:00:00Z,110533.616421699,20.3503558827
19.6,20.74,19.52,2181,20.55,2023-02-23T06:00:00Z,55651.889512381,19.903122104
18.22,19.7,18.06,2969,19.61,2023-02-24T06:00:00Z,64479.559111282,18.6085920854
18.02,18.6,17.47,1987,18.21,2023-02-25T06:00:00Z,44204.632463669,18.0729160216
18.12,18.57,17.99,978,18.0,2023-02-26T06:00:00Z,25023.966307,18.2551626397
17.62,18.63,17.61,1448,18.12,2023-02-27T06:00:00Z,33914.302259675,18.1707167648
17.62,17.73,16.95,3008,17.62,2023-02-28T06:00:00Z,60324.470007839,17.3496817177
17.38,17.85,17.31,1195,17.63,2023-03-01T06:00:00Z,31848.87,17.634219729
16.27,17.5,15.81,2581,17.38,2023-03-02T06:00:00Z,93217.011714042,16.6088933642
16.69,16.913,16.26,902,16.27,2023-03-03T06:00:00Z,23917.476921861,16.5501394721
16.41,16.83,15.75,1135,16.71,2023-03-04T06:00:00Z,30063.382421703,16.1782693728
15.98,16.46,15.83,815,16.4,2023-03-05T06:00:00Z,26489.65,16.159217062
16.55,16.72,15.99,1329,16.0255186,2023-03-06T06:00:00Z,40863.02358177,16.4758796598
15.902,16.53,15.86,1221,16.53,2023-03-07T06:00:00Z,37131.860113989,16.1281966043
15.3428541,56.639806305,14.983,1972,15.85,2023-03-08T06:00:00Z,50208.903086338,15.5274679859
14.51241793,56.709,14.145607825,2938,15.3434,2023-03-09T06:00:00Z,94507.103541188,14.7540841375
14.73943947,56.52348455,13.8805725,3865,14.508961435,2023-03-10T06:00:00Z,108438.756600453,14.7250756532
14.486245,56.324,14.05456365,1602,14.735,2023-03-11T06:00:00Z,43789.15,14.3960911086
16.072829,57.22192,14.333135,3249,14.49407365,2023-03-12T06:00:00Z,80528.756755462,15.5748311261
16.507311765,57.277975,15.493125,3288,16.076097585,2023-03-13T05:00:00Z,93599.815171626,16.3074586872
17.43479,57.276545,16.13798489,5796,16.50677,2023-03-14T05:00:00Z,128953.93182517,17.2025918748
15.4725,17.50876475,15.2952529,4429,17.4377,2023-03-15T05:00:00Z,98899.414566779,16.2241718693
16.1653,16.3478,15.38084517,3274,15.4781835,2023-03-16T05:00:00Z,59342.46,15.9140183977
17.78,18.224841,15.88,5579,16.165865,2023-03-17T05:00:00Z,118477.227710493,17.22219112
17.296305915,17.89950305,16.85,2798,17.77,2023-03-18T05:00:00Z,58852.969811795,17.3259322244
17.2580225,18.1426502,17.05327325,2937,17.2936,2023-03-19T05:00:00Z,69492.483535175,17.7230982896
16.776,17.77,16.503446,2886,17.24590076,2023-03-20T05:00:00Z,45923.834746759,17.0677784636
17.4322015,17.634945,16.3571485,3196,16.7772,2023-03-21T05:00:00Z,49442.226357267,17.1977862473
16.80677645,17.98117,16.275725,4538,17.44545,2023-03-22T05:00:00Z,93301.371054611,17.0617303931
17.395206,17.90842,16.7739275,3389,16.80341,2023-03-23T05:00:00Z,88923.726704482,17.4774211311
17.0985,17.505114,16.691576,2048,17.39420565,2023-03-24T05:00:00Z,48641.810015101,17.1044559038
17.13565035,17.13565035,16.40164258,1294,17.095394,2023-03-25T05:00:00Z,34929.52,16.7950856012
16.914534465,17.43,16.85489345,1592,17.136002765,2023-03-26T05:00:00Z,43962.473758567,17.1250519443
16.508072295,16.99,16.0922445,1990,16.9296145,2023-03-27T05:00:00Z,52323.202578632,16.5104418999
16.936020655,16.97837878,16.36,1449,16.506748135,2023-03-28T05:00:00Z,30328.766932261,16.6650829912
17.30506345,17.56651,16.90326375,2482,16.9375,2023-03-29T05:00:00Z,57675.692562544,17.227162731
17.452849315,17.5544105,17.085939,1827,17.29467673,2023-03-30T05:00:00Z,33325.991731973,17.3138662587
17.835038,21.39033,17.09,2389,17.46,2023-03-31T05:00:00Z,35301.876871282,17.5855126887
17.674470045,21.409307,17.5445,1794,17.831884,2023-04-01T05:00:00Z,25662.307662416,17.7512590556
16.9628405,21.13925,16.800241,2473,17.67458229,2023-04-02T05:00:00Z,26824.016028565,17.2049551972
17.02382469,21.056789425,16.68459875,1750,16.9642445,2023-04-03T05:00:00Z,33575.50954106,17.1124494749
18.047172095,21.39405,17.0205,1850,17.03085,2023-04-04T05:00:00Z,39409.377123855,17.6042817594
17.802012305,21.589,17.635150165,1824,18.0444436,2023-04-05T05:00:00Z,37162.518491703,18.0116222381
18.055600525,21.52246093,17.68533213,1642,17.806285,2023-04-06T05:00:00Z,40244.333193857,18.0379800296
17.61535,21.3915,17.448515,2202,18.05786515,2023-04-07T05:00:00Z,26346.78583601,17.6409911455
17.50455,21.27874925,17.35628215,667,17.61669,2023-04-08T05:00:00Z,11147.297558016,17.5649195829
17.52785,21.3075,17.26335215,671,17.5082,2023-04-09T05:00:00Z,23272.62,17.4973578628
18.257,21.4745,17.3797,1306,17.522549295,2023-04-10T05:00:00Z,27717.317046288,17.8169083937
17.893130145,21.6075,17.68335635,2118,18.25,2023-04-11T05:00:00Z,45813.673965108,18.2345271572
18.45707355,21.5790389,17.76167,3182,17.89785,2023-04-12T05:00:00Z,90350.677024145,18.2125840394
19.247,21.7269615,18.34596265,2632,18.4569035,2023-04-13T05:00:00Z,90441.686560921,18.9685216301
19.1660827,22.140686,18.45387152,1920,19.241,2023-04-14T05:00:00Z,49388.019830646,19.045025915
19.2271317,22.041519825,18.8700164,2442,19.1699515,2023-04-15T05:00:00Z,41038.996457381,19.2215627577
20.824675,22.6275,18.9523575,3955,19.24,2023-04-16T05:00:00Z,89094.147833392,20.0438597004
20.8253625,22.907146,20.23138,3325,20.8184224,2023-04-17T05:00:00Z,64010.902777907,20.7348666636
21.0,23.23933121,20.82485,2634,20.82485,2023-04-18T05:00:00Z,40838.83254741,21.2056303999
19.1195645,21.1200754,18.62,4369,21.00419691,2023-04-19T05:00:00Z,81388.630352582,19.4886602737
18.3116,19.44,18.22,2601,19.12,2023-04-20T05:00:00Z,42636.780025029,18.7845365028
17.197671,18.34345,16.7498207,3219,18.31505,2023-04-21T05:00:00Z,58111.886683411,17.3860337087
17.0865,17.3921389,16.92987,760,17.195425,2023-04-22T05:00:00Z,14232.171704972,17.2009131039
16.86635118,17.263649285,16.56810033,1949,17.09,2023-04-23T05:00:00Z,9731.278375009,16.8775121251
16.9727785,17.27,16.5963,745,16.8708782,2023-04-24T05:00:00Z,12258.154793211,16.9566366806
17.521,17.778338,16.86696005,833,16.97805,2023-04-25T05:00:00Z,22026.514108453,17.2661319759
17.565,19.1105,16.254330175,1801,17.52518,2023-04-26T05:00:00Z,45232.896227843,17.3491349484
17.77047296,19.347269,17.20936473,718,17.556785,2023-04-27T05:00:00Z,9777.881744804,17.6609782712
17.641146135,19.37152,17.26425,1046,17.76586177,2023-04-28T05:00:00Z,11630.734814361,17.4748884153
17.3615,19.29399746,17.283135,1682,17.641785,2023-04-29T05:00:00Z,12939.581892573,17.5254468734
17.0059805,18.9705,16.7015,942,17.363,2023-04-30T05:00:00Z,23085.479690033,17.3748667727
16.56,18.79596735,16.515205135,1073,17.01389965,2023-05-01T05:00:00Z,15405.894216194,16.8264066684
16.738744635,17.0046695,16.52,2907,16.570556005,2023-05-02T05:00:00Z,7790.898402292,16.7976337928
17.145,19.132208,16.43,1715,16.73890165,2023-05-03T05:00:00Z,23453.564061509,16.9662996646
17.0870846,19.08805355,16.8258647,1935,17.1374687,2023-05-04T05:00:00Z,12726.35876766,16.9958174082
17.2906285,19.0260785,16.86,819,17.09062839,2023-05-05T05:00:00Z,16883.845498623,17.2475748691
16.685,18.90195,16.50208785,599,17.29188795,2023-05-06T05:00:00Z,21050.167017582,16.8238311954
16.238,18.897952055,16.16,1007,16.67858367,2023-05-07T05:00:00Z,17653.507274022,16.5628026407
15.84730665,18.32381,15.12,1359,16.2382332,2023-05-08T05:00:00Z,34628.922137717,15.7172329669
15.40080105,18.37194178,15.3,769,15.8455,2023-05-09T05:00:00Z,16056.71060463,15.547074454
15.4613,15.747198,14.77,1116,15.400235,2023-05-10T05:00:00Z,24711.318101786,15.2963156632
14.90120305,15.49837,14.6097,765,15.4513912,2023-05-11T05:00:00Z,22512.257385736,15.0493724659
15.091554,15.23088334,14.52,669,14.896874,2023-05-12T05:00:00Z,11717.626574904,14.966112018
14.95797215,15.192612,14.787898,345,15.08865279,2023-05-13T05:00:00Z,6339.5235502,14.9840294283
15.14985,15.2035,14.83,458,14.9598625,2023-05-14T05:00:00Z,11837.24092672,15.043268511
14.961227,15.35961015,14.83,2011,15.15226025,2023-05-15T05:00:00Z,7539.253406713,15.1578706584
15.016,15.06243315,14.75093,1641,14.9626275,2023-05-16T05:00:00Z,10095.561412251,14.9018856126
15.096,15.29768765,14.631388125,500,15.01592705,2023-05-17T05:00:00Z,12225.910980856,15.0166554273
14.69933085,15.127975,14.4492,580,15.091775,2023-05-18T05:00:00Z,14382.608705746,14.70092559
14.618827345,14.84,14.54245,493,14.7019249,2023-05-19T05:00:00Z,16213.814724244,14.6657604103
14.6181792,14.71,14.534,293,14.62953105,2023-05-20T05:00:00Z,5226.868978507,14.6172134325
14.31958,15.13224215,14.09989035,617,14.619718,2023-05-21T05:00:00Z,18900.906822984,14.330030391
14.859143175,14.955497525,14.30093252,808,14.32172247,2023-05-22T05:00:00Z,27392.377800425,14.6236775454
14.469765,16.55948255,12.15,1186,14.86951,2023-05-23T05:00:00Z,63963.196321037,14.6855522268
14.1419,14.47139,13.7385,855,14.47139,2023-05-24T05:00:00Z,29148.161410486,14.1075610934
14.0698165,14.271,14.0059115,1122,14.14174999,2023-05-25T05:00:00Z,15448.369664209,14.1217323922
14.45910035,14.4835,13.972743,443,14.06906879,2023-05-26T05:00:00Z,10399.119439102,14.2352265757
14.7177597,14.831,14.28,1304,14.461001835,2023-05-27T05:00:00Z,12157.72580532,14.4640878026
14.7412,15.067929135,14.2676304,1141,14.72,2023-05-28T05:00:00Z,31991.481204858,14.636454106
14.48140335,14.83629,14.37,418,14.73828145,2023-05-29T05:00:00Z,15367.054198888,14.5094450837
14.139,14.7498565,14.0883124,599,14.4845,2023-05-30T05:00:00Z,23618.784282501,14.4946016677
14.054415,14.217,13.85463945,946,14.13432897,2023-05-31T05:00:00Z,26892.4696154,14.0416574446
14.28059124,14.31353725,13.99,564,14.05865,2023-06-01T05:00:00Z,13857.647107929,14.1370750917
14.54151865,14.56644,14.286179115,547,14.29,2023-06-02T05:00:00Z,9998.755725239,14.4449614998
14.65,14.67,14.4649073,5099,14.55,2023-06-03T05:00:00Z,10175.439424119,14.5612257842
14.721035,14.9378598,14.61205,4289,14.65,2023-06-04T05:00:00Z,24366.304107222,14.7835222007
14.18,14.901267695,13.5,3376,14.715261,2023-06-05T05:00:00Z,198636.075031562,13.9528159245
14.84723741,14.93,13.89,3176,14.1794136,2023-06-06T05:00:00Z,84575.152273729,14.2838391153
13.918,15.29,13.8269215,3861,14.844606285,2023-06-07T05:00:00Z,161551.525485245,14.6813005272
13.845166065,14.11,13.59,1039,13.85,2023-06-08T05:00:00Z,21823.200963942,13.827290713
11.12174545,14.2888503,10.0205,3580,13.85023,2023-06-09T05:00:00Z,57148.958568283,13.3233058802
11.6179495,13.3,10.558311395,1993,11.1155695,2023-06-10T05:00:00Z,23166.945499987,11.645967206
11.4251255,13.0,11.18764461,987,11.6143778,2023-06-11T05:00:00Z,9689.083502504,11.7148042015
11.5875905,11.98,11.17,1024,11.5,2023-06-12T05:00:00Z,12497.962325113,11.5010069466
11.864843105,13.3,11.35,594,11.58548569,2023-06-13T05:00:00Z,7852.925397274,11.9774645301
11.526435,12.59,11.16372627,63,11.863,2023-06-14T05:00:00Z,546.365164311,11.8824112102
11.43494,11.56083,10.98785,7,11.53222945,2023-06-15T05:00:00Z,17.862609327,11.2647668894
11.559121225,12.722455,11.2165,5,11.4365,2023-06-16T05:00:00Z,17.257166906,11.50966158
11.5700505,12.847,11.4241741,3,11.5598,2023-06-17T05:00:00Z,1.879112,11.7462791284
11.3738,11.62010768,11.2420755,4,11.570104955,2023-06-18T05:00:00Z,94.92086187,11.5198897886
11.47547215,11.606682645,11.169525,5,11.36275,2023-06-19T05:00:00Z,11.093860975,11.3302649521
12.289784245,12.38762,11.169555,9,11.4695,2023-06-20T05:00:00Z,45.00357977,11.7025593605
13.0963265,13.23392332,12.12086,7,12.3042233,2023-06-21T05:00:00Z,8.872222005,12.4364682334
12.800032615,13.16218425,12.572887,66,13.10018487,2023-06-22T05:00:00Z,1211.856249871,12.9079176356
13.319905,13.6172,12.62924096,1,12.804665545,2023-06-23T05:00:00Z,1.166020312,12.8
13.4176976,13.570055275,12.742022145,2,13.316521655,2023-06-24T05:00:00Z,1.223477121,13.161975949
13.32179,13.68748295,13.12842,1,13.43942,2023-06-25T05:00:00Z,1.099331885,13.5764824
13.2541455,13.690055,12.961,4,13.3477,2023-06-26T05:00:00Z,2.265249524,13.3595436847
12.955565,13.49263,12.89642354,7,13.2523595,2023-06-27T05:00:00Z,4.527283135,13.3303601513
12.35555,13.04336865,12.09142045,0,12.977,2023-06-28T05:00:00Z,0.0,0.0
13.1156,13.2531,12.25896706,1,12.35224,2023-06-29T05:00:00Z,0.12,12.33
12.95975,13.32249,12.117475765,7,13.09648079,2023-06-30T05:00:00Z,5.248109445,13.1222150762
12.862602255,13.0975,12.70913055,4,12.96024115,2023-07-01T05:00:00Z,1.36249217,12.9502001737
13.3095,13.47985,12.8029,1,12.86195,2023-07-02T05:00:00Z,3.398829318,12.942713
13.24,13.3987673,13.09598,3,13.2895,2023-07-03T05:00:00Z,1.257913004,13.307088323
13.07915385,13.419686,12.945901675,1,13.234009,2023-07-04T05:00:00Z,0.139515105,13.1076
12.571589,13.1729861,12.4736785,1,13.07605681,2023-07-05T05:00:00Z,0.3,12.73475
12.528035,13.11512495,12.24242575,1,12.604534885,2023-07-06T05:00:00Z,0.38,12.9466
13.451517775,13.4756085,12.4587745,2,12.515823,2023-07-07T05:00:00Z,0.893182844,12.6677840129
14.1475706,14.22785,13.419010055,3,13.46624,2023-07-08T05:00:00Z,0.817271349,13.6219045876
13.2559139,14.23152895,13.208,1,14.1507,2023-07-09T05:00:00Z,1.0,13.6725145
13.6398595,13.8499,13.1730856,3,13.281004955,2023-07-10T05:00:00Z,1.996725172,13.2968123786
13.226624,13.686,13.1079205,1,13.64525,2023-07-11T05:00:00Z,1.4,13.19
12.998902405,13.364712395,12.85335,3,13.19325,2023-07-12T05:00:00Z,1.8,13.0157084167
14.761387065,14.821989,12.92415,4,12.9761,2023-07-13T05:00:00Z,0.368281166,13.6059312864
14.485478625,15.97228541,14.043563,1,14.774361,2023-07-14T05:00:00Z,0.09162512,15.099084
14.5818272,15.35019,14.4357619,0,14.480411205,2023-07-15T05:00:00Z,0.0,0.0
14.474308005,14.848036,14.15895,0,14.5965,2023-07-16T05:00:00Z,0.0,0.0
14.24,14.65159022,13.8484,5,14.47419645,2023-07-17T05:00:00Z,2.652084942,14.4292388383
14.04319096,14.296072225,13.609424665,0,14.288414,2023-07-18T05:00:00Z,0.0,0.0
14.09635,14.301365,13.77106,1,14.04495,2023-07-19T05:00:00Z,0.60200694,13.8979071
13.943045875,14.42209325,13.6811663,0,14.0649,2023-07-20T05:00:00Z,0.0,0.0
13.92715,14.075002,13.8208495,2,13.91642455,2023-07-21T05:00:00Z,1.13,13.9846534336
13.615,13.9913085,13.30065,1,13.955915,2023-07-22T05:00:00Z,0.57,13.63847784
13.343805585,13.7683325,13.22607211,2,13.6172882,2023-07-23T05:00:00Z,0.567142779,13.6672023683
13.185828115,13.50562,12.75493,5,13.33965,2023-07-24T05:00:00Z,3.73780554,13.286935874
13.1886855,13.53735,13.053502,1,13.18612371,2023-07-25T05:00:00Z,0.7,13.2242425
13.2796,13.5804738455,13.1023955,5,13.1967,2023-07-26T05:00:00Z,17.104457236,13.1667416997
13.1585,13.5704573955,13.01533365,1,13.31065,2023-07-27T05:00:00Z,0.08278855,13.0878
13.25386995,13.4788413455,12.980605,1,13.185562795,2023-07-28T05:00:00Z,0.22,13.23248
13.29,13.5528438455,13.1232165,0,13.254533645,2023-07-29T05:00:00Z,0.0,0.0
13.0870705,13.3918734505,12.9175,0,13.31009,2023-07-30T05:00:00Z,0.0,0.0
12.5673925,13.15212794,12.405095,1,13.118089685,2023-07-31T05:00:00Z,0.009440742,12.93
12.783122705,12.955051,12.55587625,2,12.565461065,2023-08-01T05:00:00Z,29.920146784,12.6698395575
12.476042,12.795449545,12.44800225,0,12.770060845,2023-08-02T05:00:00Z,0.0,0.0
12.478003155,12.640662,12.35745,0,12.48782,2023-08-03T05:00:00Z,0.0,0.0
12.30355,12.603204,12.27672134,1,12.47195985,2023-08-04T05:00:00Z,0.3,12.3935737
12.61219575,12.614823,12.2705,0,12.307,2023-08-05T05:00:00Z,0.0,0.0
12.69148475,12.7093391,12.49509851,0,12.607960585,2023-08-06T05:00:00Z,0.0,0.0
12.4669085,12.70043475,12.1906332,0,12.69893475,2023-08-07T05:00:00Z,0.0,0.0
12.652239285,12.7710458315,12.351812,3,12.47,2023-08-08T05:00:00Z,0.321457662,12.66349294
12.543836495,12.7826282865,12.494711285,7,12.63225,2023-08-09T05:00:00Z,10.5,12.6762100286
12.456671,12.6586781,12.4069607,0,12.53556,2023-08-10T05:00:00Z,0.0,0.0
12.4469262,12.537154,12.353377795,0,12.4575695,2023-08-11T05:00:00Z,0.0,0.0
12.32694635,12.4944475,12.2753729,0,12.44847693,2023-08-12T05:00:00Z,0.0,0.0
12.34,12.424778,12.1611361,0,12.32521,2023-08-13T05:00:00Z,0.0,0.0
12.29655615,12.44362995,12.23880471,0,12.33938905,2023-08-14T05:00:00Z,0.0,0.0
11.765164,12.34075,11.30502554,2,12.2949,2023-08-15T05:00:00Z,7.4,12.2309067581
11.38743,11.77273965,11.0702857,2,11.76875305,2023-08-16T05:00:00Z,0.600861739,11.3937152226
10.6415266,11.503401,9.98195055,5,11.38927085,2023-08-17T05:00:00Z,4.8,11.4230829792
10.7441,10.995528985,10.59105673,6,10.64057,2023-08-18T05:00:00Z,7.438123584,10.7821713092
10.785,10.845,10.54467,0,10.7576298,2023-08-19T05:00:00Z,0.0,0.0
10.7355,10.915,10.7281,12,10.7975,2023-08-20T05:00:00Z,23.727919123,10.8596996858
10.231,10.8115,10.1945,1,10.7416,2023-08-21T05:00:00Z,1.1,10.407
10.1485,10.325,9.77538,1,10.23515,2023-08-22T05:00:00Z,0.18327989,10.078199999
10.30545,10.462,10.05425,0,10.15265,2023-08-23T05:00:00Z,0.0,0.0
9.93268,10.35455,9.90658,0,10.28465,2023-08-24T05:00:00Z,0.0,0.0
10.0469,10.0839,9.88911,1,9.9285,2023-08-25T05:00:00Z,1.0,10.0241
10.107,10.140755,10.005,0,10.0505,2023-08-26T05:00:00Z,0.0,0.0
10.065,10.279,10.02535,3,10.11,2023-08-27T05:00:00Z,1.429796905,10.1717881668
10.4755,10.60545,9.91723,2,10.059,2023-08-28T05:00:00Z,0.045723562,10.3814302417
10.66425,11.1877,10.32,1,10.47895,2023-08-29T05:00:00Z,0.013015682,10.9989
10.3765,10.6935,10.2745,0,10.66395,2023-08-30T05:00:00Z,0.0,0.0
10.0092,10.5265,9.9115,5,10.3656,2023-08-31T05:00:00Z,36.594026023,10.2901726288
9.9313,10.0625,9.76105,0,10.0065,2023-09-01T05:00:00Z,0.0,0.0
9.9526,9.97495,9.7632,0,9.92975,2023-09-02T05:00:00Z,0.0,0.0
9.96383,10.0418,9.825445,2,9.9522,2023-09-03T05:00:00Z,55.0,9.9343636364
9.7668,9.989,9.6552,0,9.949055,2023-09-04T05:00:00Z,0.0,0.0
9.8786,9.98865,9.72165,0,9.750065,2023-09-05T05:00:00Z,0.0,0.0
9.958,10.4603004,9.7899,4,9.8782,2023-09-06T05:00:00Z,1.177560517,9.8847540142
10.0949,10.1382,9.8385,1,9.963375,2023-09-07T05:00:00Z,0.436527327,10.019907
9.890835,10.1035,9.84465,1,10.10305,2023-09-08T05:00:00Z,0.5,9.9158
9.3965,9.904245,9.33085,2,9.891485,2023-09-09T05:00:00Z,1.5,9.886
9.45386,9.703235,9.35414,0,9.389045,2023-09-10T05:00:00Z,0.0,0.0
9.3499,9.530385,9.077075,7,9.44485,2023-09-11T05:00:00Z,7.0,9.2327057143
9.2048,9.548295,9.1785,2,9.318955,2023-09-12T05:00:00Z,1.0,9.31028
9.30406,9.4644,9.10397,2,9.20445,2023-09-13T05:00:00Z,3.0,9.2291716667
9.434785,9.5155,9.252,0,9.29799,2023-09-14T05:00:00Z,0.0,0.0
9.5395,9.606795,9.18585,6,9.42386,2023-09-15T05:00:00Z,3.562596314,9.284776115
9.29411,9.560255,9.2091,1,9.54835,2023-09-16T05:00:00Z,0.831427471,9.3708417
9.097,9.307395,8.815275,4,9.29694,2023-09-17T05:00:00Z,5.9,9.1672610169
9.160105,9.30043265,9.0467,1,9.09492,2023-09-18T05:00:00Z,1.0,9.2612
9.0897,9.29456765,9.0605,0,9.15565,2023-09-19T05:00:00Z,0.0,0.0
9.07815,9.139085,8.8936,2,9.08934,2023-09-20T05:00:00Z,20.128706783,8.9802504102
8.884505,9.075365,8.747665,4,9.075365,2023-09-21T05:00:00Z,4.0841,8.8723715286
8.86525,8.9338,8.793355,1,8.883605,2023-09-22T05:00:00Z,5.0,8.9
8.899355,8.983315,8.85445,2,8.8712,2023-09-23T05:00:00Z,2.246443656,8.892758394
8.80125,9.04536,8.625145,4,8.9022,2023-09-24T05:00:00Z,2.449325727,8.8127760495
9.0002,9.0564965,8.75646,1,8.79445,2023-09-25T05:00:00Z,0.002219435,8.921
9.03995,9.082565,8.86074,3,9.00214,2023-09-26T05:00:00Z,1.095994573,9.009138401
8.987265,9.1755,8.81845,1,9.042,2023-09-27T05:00:00Z,1.0,9.1108
9.3064,9.348545,8.98136,2,8.996615,2023-09-28T05:00:00Z,1.036695302,9.1665854194
9.159,9.36775,9.07749,5,9.30471,2023-09-29T05:00:00Z,1.86755503,9.1869023908
9.32185,9.34885,9.1335,2,9.15607,2023-09-30T05:00:00Z,0.029856764,9.2911624311
9.732,9.82675,9.31877,10,9.327075,2023-10-01T05:00:00Z,31.142239936,9.7053674365
9.308275,9.820375,9.1687,2,9.729335,2023-10-02T05:00:00Z,5.0,9.4336
9.33384,9.4795,9.152835,3,9.305,2023-10-03T05:00:00Z,11.123698632,9.3949562865
10.0335,10.27715,9.33023,1,9.33023,2023-10-04T05:00:00Z,0.081216077,9.73731741
10.3754,10.4855,9.83,4,10.04345,2023-10-05T05:00:00Z,17.061708649,9.9667718534
11.1275,11.155,10.345,4,10.37975,2023-10-06T05:00:00Z,3.098212531,10.7190600013
10.3963,11.8666,10.2618,4,11.1315,2023-10-07T05:00:00Z,1.66606032,10.4407091146
9.9611,10.42735,9.909585,3,10.4035,2023-10-08T05:00:00Z,7.4,9.9767108108
9.5658,10.00795,9.29765,9,9.956505,2023-10-09T05:00:00Z,43.722377572,9.6641169961
9.33721,9.84338,9.3075,4,9.5741,2023-10-10T05:00:00Z,2.176948774,9.6648052036
9.17521,9.508575,9.12826,2,9.334405,2023-10-11T05:00:00Z,0.643374406,9.3058502119
9.1533,9.21375,8.8968491,2,9.16775,2023-10-12T05:00:00Z,2.2,9.0752
9.21296,9.336485,9.0219,0,9.152,2023-10-13T05:00:00Z,0.0,0.0
9.15205,9.25864,9.124,0,9.20555,2023-10-14T05:00:00Z,0.0,0.0
9.354645,9.394235,9.07701,1,9.15427,2023-10-15T05:00:00Z,2.1,9.2191
9.3184,9.77975,9.27775,6,9.35725,2023-10-16T05:00:00Z,7.560704497,9.4011910005
9.15766,9.4108,9.04145,1,9.32597,2023-10-17T05:00:00Z,1.0,9.13539
8.82844,9.211295,8.68545,3,9.159495,2023-10-18T05:00:00Z,2.457959855,9.0214756895
9.2407,9.2748,8.82945,9,8.82945,2023-10-19T05:00:00Z,30.092016885,8.9252157013
9.22825,9.3755,9.06552,3,9.24315,2023-10-20T05:00:00Z,2.060892289,9.2218364444
9.680385,9.809935,9.21695,17,9.22125,2023-10-21T05:00:00Z,70.602356327,9.6599401618
10.28355,10.301,9.66346,4,9.68,2023-10-22T05:00:00Z,5.199656386,9.9733609355
10.54875,10.74,9.86523,22,10.2862,2023-10-23T05:00:00Z,156.768240569,10.2445292282
10.5064,10.8015,10.106,10,10.5635,2023-10-24T05:00:00Z,31.1,10.3716536977
11.115,11.115,10.18085,8,10.51,2023-10-25T05:00:00Z,17.687029155,10.4199771786
10.77295,11.465,10.37135,8,11.08905,2023-10-26T05:00:00Z,11.422037024,11.1961408392
10.775,10.877,10.4095,1,10.7785,2023-10-27T05:00:00Z,2.1,10.5444
10.8356,11.13075,10.703,0,10.77475,2023-10-28T05:00:00Z,0.0,0.0
11.1775,11.45,10.806,5,10.83425,2023-10-29T05:00:00Z,165.194035522,11.2301511852
11.471,11.6716825,11.0705,4,11.1765,2023-10-30T05:00:00Z,3.69975,11.1931143996
11.197,11.761,11.0,15,11.487,2023-10-31T05:00:00Z,1078.090803238,11.264152243
12.17895,12.541,10.8863,7,11.199,2023-11-01T05:00:00Z,4.818069689,12.034404631
11.5833,12.20455,11.43415,2,12.194,2023-11-02T05:00:00Z,0.428854793,11.8311386835
12.0615,12.2337,11.549,11,11.5811,2023-11-03T05:00:00Z,518.161533,12.0638140526
12.3235,12.3635,11.9287,6,12.05525,2023-11-04T05:00:00Z,23.306660257,12.1750122194
12.4015,12.6795,12.13285,9,12.3065,2023-11-05T05:00:00Z,39.680152081,12.5023118434
12.96785,13.175,12.3672,16,12.3971,2023-11-06T06:00:00Z,41.897588655,12.8865249672
12.75205,13.0611,12.2876,5,12.96875,2023-11-07T06:00:00Z,5.1,12.7919411765
13.2543,13.37415,12.6989,11,12.75055,2023-11-08T06:00:00Z,50.673545921,12.8831571312
13.3134,13.9568,12.0,17,13.2514,2023-11-09T06:00:00Z,70.545947289,13.3707245415
14.29855,14.85905,10.29,29,13.3126,2023-11-10T06:00:00Z,91.882461616,13.9186668404
16.84005,17.00065,9.47,73,14.30985,2023-11-11T06:00:00Z,368.280181995,14.2638476562
18.2794,19.74915,16.695,42,16.8485,2023-11-12T06:00:00Z,114.881433298,18.3121725168
17.014,18.51295,15.57635,19,18.26385,2023-11-13T06:00:00Z,15.75331294,16.8973518567
17.93965,18.0956,16.39145,24,17.02295,2023-11-14T06:00:00Z,16.771781612,17.1877738395
22.371,22.85665,17.745,48,17.9265,2023-11-15T06:00:00Z,139.91979615,21.2408494356
23.5135,24.6855,20.8122,59,22.37165,2023-11-16T06:00:00Z,157.99879368,23.3445521167
20.74,23.7501,20.0113,39,23.5364,2023-11-17T06:00:00Z,41.046731869,21.5454466873
21.2605,22.7,20.1884,15,20.75945,2023-11-18T06:00:00Z,14.278731188,21.3069642367
22.3785,23.253,21.07055,14,21.27,2023-11-19T06:00:00Z,12.571321105,22.2954748475
20.69,22.54085,20.44685,13,22.39345,2023-11-20T06:00:00Z,19.187661661,21.2317321242
20.0417,22.295,18.927,26,20.697,2023-11-21T06:00:00Z,35.452202371,20.8379716942
20.97485,21.25915,19.7675,18,20.05755,2023-11-22T06:00:00Z,17.776202692,20.5791396149
20.9251,21.491,20.43,6,20.98085,2023-11-23T06:00:00Z,8.821228201,21.0492243566
21.2233,21.883,20.53045,6,20.9205,2023-11-24T06:00:00Z,4.964677294,21.2193263406
21.381,21.5228,20.6477,5,21.2225,2023-11-25T06:00:00Z,5.121228201,21.0138871535
20.758,21.442,20.12505,6,21.39685,2023-11-26T06:00:00Z,6.742222849,20.8984255065
19.61575,20.933,19.5606,7,20.7797,2023-11-27T06:00:00Z,11.354434375,20.1417948226
20.90315,20.98,19.5235,8,19.60945,2023-11-28T06:00:00Z,35.093255215,20.5798623067
21.22085,21.571,20.7775,3,20.9327,2023-11-29T06:00:00Z,3.841735401,21.0643160776
22.1955,22.64855,20.8322,7,21.20225,2023-11-30T06:00:00Z,56.045191765,21.3540810012
22.0175,22.64275,21.74,3,22.1875,2023-12-01T06:00:00Z,3.858824888,21.8981172889
22.165,22.7466,21.8063,3,22.0009,2023-12-02T06:00:00Z,3.35678665,22.3541633081
22.2766,22.49255,21.61,6,22.1555,2023-12-03T06:00:00Z,4.728748657,21.9584730562
22.7624,23.2174,20.8044,27,22.30495,2023-12-04T06:00:00Z,49.676449211,22.1647868539
25.557,26.9535,21.80865,19,22.77675,2023-12-05T06:00:00Z,40.286368884,24.787141086
26.96,27.687,19.6043,57,25.556,2023-12-06T06:00:00Z,79.797372113,25.5106974897
26.995,27.90635,25.90405,15,26.95,2023-12-07T06:00:00Z,11.631502765,26.6292062717
31.95,32.20535,26.7965,39,27.01945,2023-12-08T06:00:00Z,118.588146995,30.8886593784
33.45625,34.285,31.28675,34,31.9572,2023-12-09T06:00:00Z,96.090567105,32.9796910104
35.959,38.0301,31.56535,44,33.4653,2023-12-10T06:00:00Z,103.898207179,33.9324863123
41.923,42.89,34.26705,46,35.953,2023-12-11T06:00:00Z,59.722837832,38.7308842108
35.3571,42.07145,34.6631,41,41.91695,2023-12-12T06:00:00Z,36.570771768,37.6420288163
38.4483,41.456,34.11635,43,35.3664,2023-12-13T06:00:00Z,64.470513615,37.6039180006
39.54305,40.41895,36.9471,21,38.4625,2023-12-14T06:00:00Z,40.690121393,38.9715157675
42.0302,42.2615,38.513,35,39.4845,2023-12-15T06:00:00Z,196.695912217,39.4553684777
42.47895,45.305,36.9471,37,42.02165,2023-12-16T06:00:00Z,161.292612209,43.6109096241
39.61015,42.8915,38.994,19,42.4967,2023-12-17T06:00:00Z,18.511547669,41.0396989824
40.84345,42.11375,36.523,26,39.6437,2023-12-18T06:00:00Z,119.137115633,39.6473264986
40.945,41.57485,38.74005,20,40.89105,2023-12-19T06:00:00Z,69.57757625,40.4878181288
44.16525,45.318,40.7386,28,40.98225,2023-12-20T06:00:00Z,306.593061072,43.6756009521
47.9866,48.8765,44.05,35,44.184,2023-12-21T06:00:00Z,398.890664637,45.9681552892
44.575,48.2635,43.51425,15,47.97,2023-12-22T06:00:00Z,69.949659229,45.2292438511
47.17,49.95445,44.3535,16,44.5965,2023-12-23T06:00:00Z,179.042843605,46.1413182886
47.58545,49.463,46.40525,14,47.27865,2023-12-24T06:00:00Z,16.684436117,47.7190136574
46.1853,48.91145,45.7924,18,47.59085,2023-12-25T06:00:00Z,90.471261878,47.3697649631
43.6742,46.6966,40.7928,20,46.1505,2023-12-26T06:00:00Z,44.659092854,45.1917841222
41.86035,44.9529,41.61735,11,43.71,2023-12-27T06:00:00Z,9.556232324,42.8580997208
41.37,42.355,38.5286,16,41.8401,2023-12-28T06:00:00Z,25.276375203,40.9045270943
39.77695,42.1742,39.269,10,41.38305,2023-12-29T06:00:00Z,163.556961984,41.0875687183
39.625,40.12,38.1835,18,39.74,2023-12-30T06:00:00Z,37.157673801,39.0651095595
38.12985,40.5255,37.5513,39,39.72635,2023-12-31T06:00:00Z,86.280235128,39.8642884543
42.804,42.8531,38.099,55,38.1515,2024-01-01T06:00:00Z,111.882057086,41.0210394278
40.83045,43.4563,40.33075,12,42.78845,2024-01-02T06:00:00Z,61.625463042,41.3723198372
37.0225,41.4401,33.4639,35,40.828,2024-01-03T06:00:00Z,106.849359178,36.6620691473
36.9966,39.48,36.134,16,37.0346,2024-01-04T06:00:00Z,17.057661561,37.8372859116
34.20555,37.767,33.8925,11,36.86975,2024-01-05T06:00:00Z,13.530019335,35.9254194796
35.29,35.4658,33.49445,5,34.1839,2024-01-06T06:00:00Z,6.422747538,34.6472413153
32.365,35.7716,31.19485,13,35.276,2024-01-07T06:00:00Z,19.346568536,33.5977294834
37.1536,37.63635,32.3165,12,32.3658,2024-01-08T06:00:00Z,39.030689867,36.3489073667
34.685,37.49,33.83445,23,37.1365,2024-01-09T06:00:00Z,22.347503342,35.561520767
38.38945,39.5504,33.3895,24,34.6685,2024-01-10T06:00:00Z,32.487151797,35.9443229257
39.20365,41.7944,37.54995,26,38.38,2024-01-11T06:00:00Z,326.612336919,40.3108716132
36.01605,39.3322,34.73405,20,39.202,2024-01-12T06:00:00Z,23.194461263,36.2843238119
36.485,36.63,35.55965,2,35.985,2024-01-13T06:00:00Z,1.605850929,36.2428260368
36.10665,37.8692,35.2215,14,36.499,2024-01-14T06:00:00Z,17.047982908,36.605898097
35.777,36.783,35.1385,10,36.0935,2024-01-15T06:00:00Z,36.727109593,36.1598301497
35.55415,36.4949,34.7722,8,35.717,2024-01-16T06:00:00Z,8.536723991,35.7173294509
35.48,36.456,35.24,9,35.5592,2024-01-17T06:00:00Z,9.912437209,35.8378499255
33.38335,35.9226,32.596,13,35.5752,2024-01-18T06:00:00Z,42.565665999,33.5625289331
32.6015,33.7055,31.167,6,33.395,2024-01-19T06:00:00Z,5.943783447,32.6327667742
32.96,33.2231,32.0234,9,32.63575,2024-01-20T06:00:00Z,40.237900304,32.4684691593
31.938,33.43725,31.6215,9,32.9463,2024-01-21T06:00:00Z,15.74805996,32.8157470673
30.1413,32.35445,29.32505,19,31.97875,2024-01-22T06:00:00Z,65.088153489,30.5067246233
29.9405,30.6755,27.2425,23,30.1285,2024-01-23T06:00:00Z,75.982151857,28.4979691835
30.41175,31.88405,29.70545,18,29.94,2024-01-24T06:00:00Z,91.764204848,30.875518243
30.6325,31.018,29.6185,9,30.4295,2024-01-25T06:00:00Z,54.258289695,29.9615944478
32.3504,33.095,30.4601,25,30.65,2024-01-26T06:00:00Z,24.61531386,32.1805529173
35.89,36.161,31.885,21,32.3215,2024-01-27T06:00:00Z,33.944481484,33.6750426302
34.9314,36.7027,34.381,18,35.9226,2024-01-28T06:00:00Z,176.353795741,35.5343412277
35.757,36.504,34.346,17,34.945,2024-01-29T06:00:00Z,54.035054003,34.8315708359
34.8735,37.1023,34.68585,14,35.76,2024-01-30T06:00:00Z,9.628796621,35.5187984
32.985,35.46365,32.2933,10,34.795,2024-01-31T06:00:00Z,15.268149304,34.0209150994
34.172,34.4809,32.8173,16,32.987,2024-02-01T06:00:00Z,21.226957884,33.7391017671
36.3674,37.5669,34.1635,23,34.18245,2024-02-02T06:00:00Z,128.10513375,37.0540251502
35.75375,36.6057,35.40835,9,36.3455,2024-02-03T06:00:00Z,303.703182537,36.1693312504
34.893,36.285,34.31365,9,35.7325,2024-02-04T06:00:00Z,8.316223553,35.3042115686
34.15785,35.88305,34.02815,8,34.86725,2024-02-05T06:00:00Z,5.554721179,34.7455387146
34.1655,34.47875,33.6375,8,34.16155,2024-02-06T06:00:00Z,33.645226608,33.9231910992
35.189,35.72615,33.898,16,34.1555,2024-02-07T06:00:00Z,22.865518451,35.274325259
35.9716,36.28645,35.098,17,35.2055,2024-02-08T06:00:00Z,26.028411883,35.7400540286
39.4195,39.8094,35.896,31,35.9506,2024-02-09T06:00:00Z,80.335744448,39.3146059903
40.4205,41.22605,38.26075,27,39.4077,2024-02-10T06:00:00Z,166.162128006,38.7824124791
38.7472,41.2205,38.6224,21,40.39985,2024-02-11T06:00:00Z,205.420794431,39.2821994475
41.11,41.685,38.44895,25,38.7564,2024-02-12T06:00:00Z,137.004885681,40.5858193453
39.71235,41.52735,38.89,21,41.095,2024-02-13T06:00:00Z,414.382950719,39.523946279
41.6248,42.7396,39.62065,21,39.7274,2024-02-14T06:00:00Z,25.155801994,40.9267197658
41.56695,43.574,40.989,29,41.622,2024-02-15T06:00:00Z,144.90932691,41.9567100445
40.41095,41.75,39.56675,23,41.52585,2024-02-16T06:00:00Z,67.03357814,40.251953428
40.22565,40.46245,38.436,20,40.403,2024-02-17T06:00:00Z,29.500921019,39.8541629374
39.985,40.744,39.59245,22,40.2335,2024-02-18T06:00:00Z,51.401814269,40.2660860518
39.4702,40.578,38.5918,24,39.9781,2024-02-19T06:00:00Z,192.925299176,39.58310523
37.64,39.6915,19.39,27,39.4545,2024-02-20T06:00:00Z,480.381484026,26.4547144951
36.99325,37.7297,35.9025,8,37.66745,2024-02-21T06:00:00Z,82.91859309,36.5423113039
36.589,38.16045,36.05515,21,37.0155,2024-02-22T06:00:00Z,19.830259341,37.3647562151
36.2095,36.8425,35.2085,21,36.5735,2024-02-23T06:00:00Z,497.460383943,35.7969139271
36.793,37.0125,35.985,10,36.216,2024-02-24T06:00:00Z,7.050056823,36.5942144005
37.2055,37.544,36.56505,13,36.813,2024-02-25T06:00:00Z,9.814382341,36.9837356948
39.387,39.84045,36.287,15,37.21925,2024-02-26T06:00:00Z,587.260436325,37.0773374403
39.28,39.86145,38.4271,22,39.40425,2024-02-27T06:00:00Z,243.389031232,39.2652419842
41.4786,41.802,37.3295,28,39.3025,2024-02-28T06:00:00Z,95.369924296,40.3653630865
42.6335,44.5794,39.672,26,41.58965,2024-02-29T06:00:00Z,164.095245717,41.551412488
43.006,43.741,41.36005,15,42.6035,2024-03-01T06:00:00Z,59.173505771,42.8881564126
43.5485,44.92035,42.0512,29,43.0125,2024-03-02T06:00:00Z,102.725721228,43.6244263473
42.158,43.57925,41.205,21,43.5562,2024-03-03T06:00:00Z,58.027353371,42.6837434566
43.107,44.0066,41.38685,23,42.162,2024-03-04T06:00:00Z,159.796791125,43.3003888237
40.396,45.095,36.5675,23,43.0025,2024-03-05T06:00:00Z,173.740824951,39.9721474245
41.805,43.894,38.885,40,40.3757,2024-03-06T06:00:00Z,313.759235571,41.1236709682
42.9175,44.54455,41.8405,22,41.91705,2024-03-07T06:00:00Z,294.905169052,43.4644323535
42.9077,44.00385,41.10185,18,42.8526,2024-03-08T06:00:00Z,408.426909627,43.0509612414
43.45775,43.62845,42.5665,19,42.9,2024-03-09T06:00:00Z,307.271485738,43.0814800002
41.5066,43.97775,40.30905,7,43.4539,2024-03-10T06:00:00Z,70.495117652,42.4047647126
48.525,50.9029,41.3409,23,41.58295,2024-03-11T05:00:00Z,401.131913774,46.1379369212
53.494,57.3566,46.435,12,48.5005,2024-03-12T05:00:00Z,118.831256221,52.8363375358
56.1535,59.329,52.31235,12,53.493,2024-03-13T05:00:00Z,55.688441178,55.0030751631
51.7882,57.9935,50.42885,7,56.21,2024-03-14T05:00:00Z,18.838858236,53.9412793781
56.83,58.788,48.379,15,51.7145,2024-03-15T05:00:00Z,60.986778966,50.2975250739
52.691,61.4365,52.0415,14,56.7635,2024-03-16T05:00:00Z,92.48336881,59.3853984801
61.201,61.615,50.1015,3,52.748,2024-03-17T05:00:00Z,1.064430495,52.7311936614
58.62765,65.313,56.943,21,61.2235,2024-03-18T05:00:00Z,34.750823917,61.2483239784
51.1845,61.804,46.44,12,58.804,2024-03-19T05:00:00Z,26.729201395,55.6543382588
55.0515,58.128,50.3415,44,51.2135,2024-03-20T05:00:00Z,112.43237925,53.6895372003
55.9975,56.38895,52.7315,7,54.96425,2024-03-21T05:00:00Z,7.791105335,54.6865712705
52.932,57.961,51.6895,13,55.7087,2024-03-22T05:00:00Z,97.148873704,55.6336552936
53.43485,56.14845,52.755,10,52.8781,2024-03-23T05:00:00Z,23.397317132,54.6028032733
56.475,56.6365,52.49,4,53.4327,2024-03-24T05:00:00Z,43.040527947,53.4937099842
58.4395,59.1968,55.97,17,56.42905,2024-03-25T05:00:00Z,25.924263527,57.4270300062
55.834,59.3205,55.39195,9,58.472,2024-03-26T05:00:00Z,40.186,56.2083814581
54.0295,56.2885,53.016,15,55.8034,2024-03-27T05:00:00Z,60.982751419,54.1831412503
53.8947,55.04,53.7282,11,53.98805,2024-03-28T05:00:00Z,85.951141715,54.3003575813
54.245,54.3705,52.6407295285,8,54.0024,2024-03-29T05:00:00Z,11.1722549,53.7137261313
53.53745,54.6197,52.8625,0,54.32725,2024-03-30T05:00:00Z,0.0,0.0
53.425,54.26055,53.1805,5,53.5064,2024-03-31T05:00:00Z,6.498634464,53.9828412557
48.0125,53.61,47.18785,33,53.37815,2024-04-01T05:00:00Z,171.126442966,49.4901054035
47.6695,48.7259,45.2593,23,48.1012,2024-04-02T05:00:00Z,204.512511249,46.7200738751
46.255,48.341,45.0218,17,47.622,2024-04-03T05:00:00Z,615.235955038,47.4147766053
45.59285,48.1334,45.13975,6,46.365,2024-04-04T05:00:00Z,35.193088182,47.1455286282
46.49375,47.0495,44.01175,10,45.6764,2024-04-05T05:00:00Z,23.129085263,45.2191506814
48.8065,49.082,46.43,10,46.4805,2024-04-06T05:00:00Z,260.994306031,47.2576203655
48.48615,49.46745,47.9297,11,48.8385,2024-04-07T05:00:00Z,74.876664232,48.5573729964
49.062,50.81,48.3575,21,48.50965,2024-04-08T05:00:00Z,185.733123839,49.8451314819
47.1,49.3317,45.7275,17,49.0435,2024-04-09T05:00:00Z,55.656523782,48.4458244619
46.7619,47.9959,45.278,7,47.07915,2024-04-10T05:00:00Z,34.657492392,46.2331017038
46.784,47.46065,45.6395,6,46.72795,2024-04-11T05:00:00Z,63.145364411,46.6715106993
38.7498,46.845,36.1915,47,46.7465,2024-04-12T05:00:00Z,157.214198009,41.7937957192
35.035,50.377833753,29.5014,30,38.73955,2024-04-13T05:00:00Z,1266.689579053,36.3436798997
35.915,42.348007075,34.296,22,34.96245,2024-04-14T05:00:00Z,41.149488718,36.1848067985
34.068,38.6415,33.73265,16,35.945,2024-04-15T05:00:00Z,56.897214964,36.3557644662
35.1969,35.9,32.7721712155,25,34.1132,2024-04-16T05:00:00Z,127.530446649,34.9926700957
34.27945,35.34705,32.279,12,35.1685,2024-04-17T05:00:00Z,35.079489102,33.2946266957
34.0457,35.63685,31.9725,13,34.27995,2024-04-18T05:00:00Z,65.929559046,34.9832781743
35.6775,36.1193,33.5855,15,34.0445,2024-04-19T05:00:00Z,106.555832519,35.1753571877
38.1624,38.77,34.9015,13,35.6571,2024-04-20T05:00:00Z,126.331449485,36.6694803054
38.307,38.3902,36.361,12,38.1777,2024-04-21T05:00:00Z,42.712069994,37.3006145076
38.6643,39.922,38.218,14,38.37015,2024-04-22T05:00:00Z,55.056374334,38.9061340286
39.70155,39.806,37.99955,1,38.7435,2024-04-23T05:00:00Z,2.0,38.6828
36.20075,39.7923,35.46445,10,39.7354,2024-04-24T05:00:00Z,26.587570688,37.9824905689
35.48395,36.295,34.73935,8,36.2105,2024-04-25T05:00:00Z,56.233419598,35.6538688158
34.4375,35.84575,33.141,3,35.4158,2024-04-26T05:00:00Z,10.176206751,35.0399984312
34.80295,35.2383,33.5837,6,34.44015,2024-04-27T05:00:00Z,42.195854106,34.075339713
33.6643,35.36655,33.234,2,34.8311,2024-04-28T05:00:00Z,15.211584805,34.9381326424
34.706,35.845,32.84335,5,33.6465,2024-04-29T05:00:00Z,39.707364203,34.0051684351
32.6493,34.9827,31.8902,18,34.70365,2024-04-30T05:00:00Z,199.600741248,33.4553936683
32.6405,33.89555,30.6133,13,32.6652,2024-05-01T05:00:00Z,224.20329753,32.2297985599
33.9712,34.3572,32.325,6,32.6055,2024-05-02T05:00:00Z,22.281043023,33.4880536801
35.72225,35.952,33.3397,8,33.9555,2024-05-03T05:00:00Z,48.479655957,34.9752330279
37.1495,38.0,35.387,15,35.7028,2024-05-04T05:00:00Z,241.077709354,36.4640416079
37.5235,37.7388,36.697,7,37.18165,2024-05-05T05:00:00Z,24.879776099,37.0825729137
36.97705,39.8445,36.421,10,37.53905,2024-05-06T05:00:00Z,144.292829966,39.6527941866
34.826,37.4575,34.826,5,36.981,2024-05-07T05:00:00Z,1.552137784,36.7750037724
34.28205,35.0103,33.66025,10,34.847,2024-05-08T05:00:00Z,150.290493688,34.4412139136
35.7632,35.7632,33.7266,5,34.266,2024-05-09T05:00:00Z,24.989880903,34.4363477035
33.45565,36.086,33.235,6,35.799,2024-05-10T05:00:00Z,61.26721581,34.0462833406
33.7026,33.9671,33.1075,4,33.46155,2024-05-11T05:00:00Z,38.958370253,33.8351362254
32.2105,33.9535,31.9499,5,33.6815,2024-05-12T05:00:00Z,8.149449547,33.13049668
32.275,33.7855,31.96405,11,32.1765,2024-05-13T05:00:00Z,184.791177613,33.6033966442
32.11965,33.3275,31.36325,6,32.32005,2024-05-14T05:00:00Z,14.857893315,31.9399613749
34.79065,35.0114,32.099,8,32.1624,2024-05-15T05:00:00Z,15.788203729,33.9139821389
34.7576,34.9851,33.7489,5,34.783,2024-05-16T05:00:00Z,10.145142852,34.3775019937
37.4573,37.684,34.719,14,34.794,2024-05-17T05:00:00Z,364.712879445,37.1580779682
37.2375,37.755,36.88785,4,37.43875,2024-05-18T05:00:00Z,117.085,37.1780772193
36.1725,37.26025,35.154,9,37.25,2024-05-19T05:00:00Z,47.4180005,35.7558143093
40.2291,40.967,35.42305,13,36.17355,2024-05-20T05:00:00Z,178.301165525,38.2734789892
40.72795,41.38325,39.9849,11,40.2465,2024-05-21T05:00:00Z,206.573355034,40.727146139
39.925,41.73475,39.20205,6,40.6935,2024-05-22T05:00:00Z,67.492022094,40.1551687606
38.6585,40.46155,35.798888687,17,39.8907,2024-05-23T05:00:00Z,43.693340168,38.2428692964
38.471,38.6987,36.96,7,38.6241,2024-05-24T05:00:00Z,78.08322666,38.1938188883
37.64,38.7085,37.6237,3,38.49595,2024-05-25T05:00:00Z,4.595773989,38.2268299044
37.2405,37.88155,36.5468,6,37.66915,2024-05-26T05:00:00Z,30.644225796,37.0193870895
36.7568,38.9216,36.54,4,37.2375,2024-05-27T05:00:00Z,13.102485119,38.2193160754
37.2939,37.4395,36.5157,10,36.7523,2024-05-28T05:00:00Z,91.715577576,36.749020713
36.7465,37.4465,35.9802605455,6,37.23255,2024-05-29T05:00:00Z,127.311897763,36.7151468941
36.1252,37.1,35.3135,7,36.7596,2024-05-30T05:00:00Z,52.944113561,36.2573837448
36.0655,36.7675,35.1965,6,36.1081,2024-05-31T05:00:00Z,112.652769097,35.6545277378
36.1025,36.1885,35.6715,7,36.0285,2024-06-01T05:00:00Z,28.961031904,35.9316963044
35.12,36.125,34.5515,6,36.11475,2024-06-02T05:00:00Z,73.076909625,35.2753952712
34.9,36.245,34.7215,4,35.1559,2024-06-03T05:00:00Z,6.4378502,35.6698661376
36.27355,36.5435,34.4995,9,34.9241,2024-06-04T05:00:00Z,50.017576726,35.8580228982
36.34085,36.905,35.9463,5,36.2869,2024-06-05T05:00:00Z,38.393382356,36.6384848246
35.98065,37.1735,35.57355,6,36.336,2024-06-06T05:00:00Z,39.134165542,36.3423740249
33.632,36.839,32.00235,18,35.97095,2024-06-07T05:00:00Z,858.217571411,33.6574741999
32.31385,33.695,31.65,34,33.6102,2024-06-08T05:00:00Z,3217.403615514,32.2013598752
32.8781,33.4395,32.1169,6,32.2415,2024-06-09T05:00:00Z,801.202670473,32.6925894728
32.155,37.1140251635,31.5292,12,32.88645,2024-06-10T05:00:00Z,6.878590673,31.8535126947
31.8495,36.791444518,30.605,19,32.174,2024-06-11T05:00:00Z,578.133662258,31.9452916266
32.76,33.9755,31.7299,5,31.8155,2024-06-12T05:00:00Z,40.545590402,33.9078348691
31.3254,32.83785,30.9,7,32.7505,2024-06-13T05:00:00Z,39.96519503,31.6742512552
30.29605,32.1185,29.315198511,8,31.3505,2024-06-14T05:00:00Z,13.911667452,30.5289625257
29.9775,30.61455,29.81875,2,30.3069,2024-06-15T05:00:00Z,50.1,30.4210311657
29.6268,30.464,29.325698511,5,30.0268,2024-06-16T05:00:00Z,35.9,30.0026756109
26.4903,29.70765,25.3725,12,29.6124,2024-06-17T05:00:00Z,396.885901678,29.297649337
27.1498,27.22385,25.588,18,26.5181,2024-06-18T05:00:00Z,151.865669235,26.4725113285
27.29105,27.6499,26.6725,13,27.15735,2024-06-19T05:00:00Z,291.289931845,27.1428886685
27.97,28.86165,26.8905,6,27.3366,2024-06-20T05:00:00Z,59.514706247,27.9458006736
26.18795,27.997,25.9946,2,27.9865,2024-06-21T05:00:00Z,4.938358242,27.5114176733
25.84,26.29405,24.42875,11,26.19905,2024-06-22T05:00:00Z,60.883172176,25.2979790213
24.8445,25.903,24.131,5,25.88665,2024-06-23T05:00:00Z,48.198659429,24.8482691182
25.2978,25.39825,23.5915,8,24.80825,2024-06-24T05:00:00Z,18.884925059,24.5823222562
25.3390868485,25.81,24.87025,13,25.3195,2024-06-25T05:00:00Z,196.837522096,25.5719180925
25.76,26.62,25.3250868485,17,25.3250868485,2024-06-26T05:00:00Z,92.30082302,25.899785057
28.0396,28.3215,25.47,15,25.7713,2024-06-27T05:00:00Z,38.379005355,27.032723484
28.3764,29.03435,27.792,9,28.03415,2024-06-28T05:00:00Z,52.778122863,28.1768003946
27.76145,28.61,27.38095,4,28.3404,2024-06-29T05:00:00Z,5.90674873,27.8990439691
29.72515,29.9545,27.71355,11,27.7605,2024-06-30T05:00:00Z,21.326456895,29.0408998472
28.5315,30.0681,28.45625,11,29.7365,2024-07-01T05:00:00Z,41.395671983,29.4898253324
27.98095,28.9335,27.8544,5,28.5045,2024-07-02T05:00:00Z,37.779549394,28.3301018866
26.0315,28.08995,25.5123,10,27.955,2024-07-03T05:00:00Z,117.48146461,26.8154451897
22.7684,26.0695,21.945,21,26.02,2024-07-04T05:00:00Z,164.626958573,24.5498925684
25.16315,25.7305,22.6545,18,22.70575,2024-07-05T05:00:00Z,135.768457269,24.2510689512
26.607,27.6005,25.14025,14,25.1705,2024-07-06T05:00:00Z,132.127743303,25.6867950869
